area,year,month,cyber_count,avg_amount_lost,max_amount_lost,total_amount_lost,pct_upi_fraud,pct_high_value,platform_diversity,pct_elderly,pct_weekend_cyber,n_fraud_types,month_sin,month_cos,quarter,is_festival_month,area_base_weight,zone_Central,zone_East,zone_North,zone_South,zone_West,cyber_count_lag_1,cyber_count_lag_2,cyber_count_lag_3,cyber_rolling_avg_3m,cyber_mom_change,amount_lag_1,target_cyber_count
Ambavadi,2023,1,2,32728.0,46037.0,65456.0,1.0,0.0,2,0.0,0.5,1,0.49999999999999994,0.8660254037844387,1,1,3,0,0,0,0,1,1.6,1.631578947368421,1.6666666666666667,1.6416666666666664,0.2458333333333333,385423.75,1.0
Ambavadi,2023,3,1,104034.0,104034.0,104034.0,0.0,1.0,1,0.0,0.0,1,1.0,6.123233995736766e-17,1,1,3,0,0,0,0,1,2.0,1.631578947368421,1.6666666666666667,2.0,-0.5,65456.0,3.0
Ambavadi,2023,5,3,64948.333333333336,144555.0,194845.0,0.0,0.3333333333333333,3,0.0,0.6666666666666666,2,0.49999999999999994,-0.8660254037844387,2,0,3,0,0,0,0,1,1.0,2.0,1.6666666666666667,1.5,2.0,104034.0,2.0
Ambavadi,2023,7,2,36893.0,67376.0,73786.0,0.0,0.0,2,0.5,0.5,2,-0.4999999999999997,-0.8660254037844388,3,0,3,0,0,0,0,1,3.0,1.0,2.0,2.0,-0.33333333333333337,194845.0,1.0
Ambavadi,2023,8,1,4468.0,4468.0,4468.0,0.0,0.0,1,1.0,0.0,1,-0.8660254037844385,-0.5000000000000004,3,0,3,0,0,0,0,1,2.0,3.0,1.0,2.0,-0.5,73786.0,1.0
Ambavadi,2024,1,1,24710.0,24710.0,24710.0,0.0,0.0,1,0.0,0.0,1,0.49999999999999994,0.8660254037844387,1,1,3,0,0,0,0,1,1.0,2.0,3.0,2.0,0.0,4468.0,1.0
Ambavadi,2024,2,1,112991.0,112991.0,112991.0,0.0,1.0,1,0.0,0.0,1,0.8660254037844386,0.5000000000000001,1,0,3,0,0,0,0,1,1.0,1.0,2.0,1.3333333333333333,0.0,24710.0,4.0
Ambavadi,2024,3,4,159222.75,539976.0,636891.0,0.0,0.25,2,0.0,0.0,4,1.0,6.123233995736766e-17,1,1,3,0,0,0,0,1,1.0,1.0,1.0,1.0,3.0,112991.0,3.0
Ambavadi,2024,5,3,230787.0,515036.0,692361.0,0.0,0.6666666666666666,2,0.3333333333333333,0.3333333333333333,3,0.49999999999999994,-0.8660254037844387,2,0,3,0,0,0,0,1,4.0,1.0,1.0,2.0,-0.25,636891.0,2.0
Ambavadi,2024,6,2,106832.5,184799.0,213665.0,0.0,0.5,2,0.0,0.5,2,1.2246467991473532e-16,-1.0,2,0,3,0,0,0,0,1,3.0,4.0,1.0,2.6666666666666665,-0.33333333333333337,692361.0,1.0
Ambavadi,2024,8,1,18193.0,18193.0,18193.0,0.0,0.0,1,0.0,0.0,1,-0.8660254037844385,-0.5000000000000004,3,0,3,0,0,0,0,1,2.0,3.0,4.0,3.0,-0.5,213665.0,1.0
Ambavadi,2024,9,1,22656.0,22656.0,22656.0,0.0,0.0,1,0.0,0.0,1,-1.0,-1.8369701987210297e-16,3,0,3,0,0,0,0,1,1.0,2.0,3.0,2.0,0.0,18193.0,1.0
Ambavadi,2024,12,1,1911467.0,1911467.0,1911467.0,0.0,1.0,1,0.0,1.0,1,-2.4492935982947064e-16,1.0,4,1,3,0,0,0,0,1,1.0,1.0,2.0,1.3333333333333333,0.0,22656.0,3.0
Ambavadi,2025,1,3,924509.0,2536538.0,2773527.0,0.3333333333333333,0.6666666666666666,3,0.3333333333333333,0.0,3,0.49999999999999994,0.8660254037844387,1,1,3,0,0,0,0,1,1.0,1.0,1.0,1.0,2.0,1911467.0,1.0
Ambavadi,2025,3,1,111458.0,111458.0,111458.0,1.0,1.0,1,0.0,0.0,1,1.0,6.123233995736766e-17,1,1,3,0,0,0,0,1,3.0,1.0,1.0,1.6666666666666667,-0.6666666666666667,2773527.0,1.0
Ambavadi,2025,4,1,37791.0,37791.0,37791.0,0.0,0.0,1,0.0,0.0,1,0.8660254037844387,-0.4999999999999998,2,0,3,0,0,0,0,1,1.0,3.0,1.0,1.6666666666666667,0.0,111458.0,1.0
Ambavadi,2025,6,1,103065.0,103065.0,103065.0,1.0,1.0,1,0.0,0.0,1,1.2246467991473532e-16,-1.0,2,0,3,0,0,0,0,1,1.0,1.0,3.0,1.6666666666666667,0.0,37791.0,1.0
Ambavadi,2025,8,1,50226.0,50226.0,50226.0,0.0,0.0,1,0.0,0.0,1,-0.8660254037844385,-0.5000000000000004,3,0,3,0,0,0,0,1,1.0,1.0,1.0,1.0,0.0,103065.0,1.0
Ambavadi,2025,9,1,474733.0,474733.0,474733.0,0.0,1.0,1,0.0,0.0,1,-1.0,-1.8369701987210297e-16,3,1,3,0,0,0,0,1,1.0,1.0,1.0,1.0,0.0,50226.0,1.0
Ambavadi,2025,10,1,82152.0,82152.0,82152.0,0.0,0.0,1,0.0,0.0,1,-0.8660254037844386,0.5000000000000001,4,1,3,0,0,0,0,1,1.0,1.0,1.0,1.0,0.0,474733.0,2.0
Ambavadi,2025,11,2,85177.0,128527.0,170354.0,0.0,0.5,2,0.0,0.0,1,-0.5000000000000004,0.8660254037844384,4,0,3,0,0,0,0,1,1.0,1.0,1.0,1.0,1.0,82152.0,1.0
Asarwa,2023,1,3,675670.0,2000694.0,2027010.0,0.0,0.3333333333333333,3,0.0,0.3333333333333333,2,0.49999999999999994,0.8660254037844387,1,1,8,0,1,0,0,0,2.6153846153846154,2.64,2.6666666666666665,2.6410256410256405,0.3705128205128205,728828.6923076923,1.0
Asarwa,2023,2,1,14068.0,14068.0,14068.0,0.0,0.0,1,0.0,0.0,1,0.8660254037844386,0.5000000000000001,1,0,8,0,1,0,0,0,3.0,2.64,2.6666666666666665,3.0,-0.6666666666666667,2027010.0,2.0
Asarwa,2023,3,2,716704.5,1391378.0,1433409.0,0.0,0.5,2,0.5,0.0,2,1.0,6.123233995736766e-17,1,1,8,0,1,0,0,0,1.0,3.0,2.6666666666666665,2.0,1.0,14068.0,3.0
Asarwa,2023,4,3,55123.0,93400.0,165369.0,0.3333333333333333,0.0,3,0.0,0.0,3,0.8660254037844387,-0.4999999999999998,2,0,8,0,1,0,0,0,2.0,1.0,3.0,2.0,0.5,1433409.0,2.0
Asarwa,2023,5,2,191374.5,382749.0,382749.0,0.0,0.5,2,0.0,0.0,2,0.49999999999999994,-0.8660254037844387,2,0,8,0,1,0,0,0,3.0,2.0,1.0,2.0,-0.33333333333333337,165369.0,1.0
Asarwa,2023,6,1,46790.0,46790.0,46790.0,0.0,0.0,1,0.0,1.0,1,1.2246467991473532e-16,-1.0,2,0,8,0,1,0,0,0,2.0,3.0,2.0,2.3333333333333335,-0.5,382749.0,3.0
Asarwa,2023,7,3,21777.0,40180.0,65331.0,0.3333333333333333,0.0,2,0.0,0.0,3,-0.4999999999999997,-0.8660254037844388,3,0,8,0,1,0,0,0,1.0,2.0,3.0,2.0,2.0,46790.0,1.0
Asarwa,2023,10,1,5868.0,5868.0,5868.0,0.0,0.0,1,0.0,0.0,1,-0.8660254037844386,0.5000000000000001,4,1,8,0,1,0,0,0,3.0,1.0,2.0,2.0,-0.6666666666666667,65331.0,2.0
Asarwa,2023,11,2,38223.5,53241.0,76447.0,0.0,0.0,2,0.0,0.5,2,-0.5000000000000004,0.8660254037844384,4,1,8,0,1,0,0,0,1.0,3.0,1.0,1.6666666666666667,1.0,5868.0,3.0
Asarwa,2023,12,3,978181.0,2871853.0,2934543.0,0.3333333333333333,0.3333333333333333,3,0.3333333333333333,0.0,3,-2.4492935982947064e-16,1.0,4,1,8,0,1,0,0,0,2.0,1.0,3.0,2.0,0.5,76447.0,5.0
Asarwa,2024,1,5,49486.4,141987.0,247432.0,0.2,0.2,4,0.0,0.6,4,0.49999999999999994,0.8660254037844387,1,1,8,0,1,0,0,0,3.0,2.0,1.0,2.0,0.6666666666666667,2934543.0,4.0
Asarwa,2024,2,4,165031.0,608693.0,660124.0,0.0,0.25,4,0.0,0.5,3,0.8660254037844386,0.5000000000000001,1,0,8,0,1,0,0,0,5.0,3.0,2.0,3.3333333333333335,-0.19999999999999996,247432.0,4.0
Asarwa,2024,3,4,44184.25,78129.0,176737.0,0.25,0.0,3,0.0,0.25,4,1.0,6.123233995736766e-17,1,1,8,0,1,0,0,0,4.0,5.0,3.0,4.0,0.0,660124.0,3.0
Asarwa,2024,4,3,714785.3333333334,2046950.0,2144356.0,0.3333333333333333,0.3333333333333333,3,0.0,0.0,3,0.8660254037844387,-0.4999999999999998,2,0,8,0,1,0,0,0,4.0,4.0,5.0,4.333333333333333,-0.25,176737.0,4.0
Asarwa,2024,5,4,61111.25,104950.0,244445.0,0.0,0.25,3,0.0,0.0,3,0.49999999999999994,-0.8660254037844387,2,0,8,0,1,0,0,0,3.0,4.0,4.0,3.6666666666666665,0.33333333333333326,2144356.0,2.0
Asarwa,2024,9,2,2585.5,5171.0,5171.0,0.0,0.0,2,0.5,0.0,2,-1.0,-1.8369701987210297e-16,3,0,8,0,1,0,0,0,4.0,3.0,4.0,3.6666666666666665,-0.5,244445.0,1.0
Asarwa,2024,12,1,4371.0,4371.0,4371.0,0.0,0.0,1,1.0,0.0,1,-2.4492935982947064e-16,1.0,4,1,8,0,1,0,0,0,2.0,4.0,3.0,3.0,-0.5,5171.0,6.0
Asarwa,2025,1,6,642011.6666666666,3592037.0,3852070.0,0.0,0.16666666666666666,5,0.0,0.16666666666666666,5,0.49999999999999994,0.8660254037844387,1,1,8,0,1,0,0,0,1.0,2.0,4.0,2.3333333333333335,5.0,4371.0,1.0
Asarwa,2025,2,1,139898.0,139898.0,139898.0,0.0,1.0,1,0.0,0.0,1,0.8660254037844386,0.5000000000000001,1,0,8,0,1,0,0,0,6.0,1.0,2.0,3.0,-0.8333333333333334,3852070.0,3.0
Asarwa,2025,3,3,456426.6666666667,1174065.0,1369280.0,0.6666666666666666,0.6666666666666666,2,0.0,0.0,2,1.0,6.123233995736766e-17,1,1,8,0,1,0,0,0,1.0,6.0,1.0,2.6666666666666665,2.0,139898.0,4.0
Asarwa,2025,4,4,183328.5,532518.0,733314.0,0.0,0.5,3,0.0,0.25,3,0.8660254037844387,-0.4999999999999998,2,0,8,0,1,0,0,0,3.0,1.0,6.0,3.3333333333333335,0.33333333333333326,1369280.0,4.0
Asarwa,2025,5,4,37696.25,79218.0,150785.0,0.0,0.0,3,0.0,0.25,4,0.49999999999999994,-0.8660254037844387,2,0,8,0,1,0,0,0,4.0,3.0,1.0,2.6666666666666665,0.0,733314.0,1.0
Asarwa,2025,6,1,5882.0,5882.0,5882.0,0.0,0.0,1,1.0,0.0,1,1.2246467991473532e-16,-1.0,2,0,8,0,1,0,0,0,4.0,4.0,3.0,3.6666666666666665,-0.75,150785.0,1.0
Asarwa,2025,7,1,0.0,0.0,0.0,0.0,0.0,1,0.0,0.0,1,-0.4999999999999997,-0.8660254037844388,3,0,8,0,1,0,0,0,1.0,4.0,4.0,3.0,0.0,5882.0,2.0
Asarwa,2025,8,2,1013750.0,1980025.0,2027500.0,0.0,0.5,1,0.5,0.0,2,-0.8660254037844385,-0.5000000000000004,3,0,8,0,1,0,0,0,1.0,1.0,4.0,2.0,1.0,0.0,2.0
Asarwa,2025,10,2,18298.5,27443.0,36597.0,0.0,0.0,2,0.5,0.5,2,-0.8660254037844386,0.5000000000000001,4,1,8,0,1,0,0,0,2.0,1.0,1.0,1.3333333333333333,0.0,2027500.0,3.0
Asarwa,2025,11,3,37646.666666666664,63515.0,112940.0,0.0,0.0,3,0.0,0.3333333333333333,2,-0.5000000000000004,0.8660254037844384,4,0,8,0,1,0,0,0,2.0,2.0,1.0,1.6666666666666667,0.5,36597.0,1.0
Bapunagar,2023,1,2,1389943.5,2779887.0,2779887.0,0.0,0.5,1,0.0,0.5,2,0.49999999999999994,0.8660254037844387,1,1,9,0,1,0,0,0,2.642857142857143,2.6666666666666665,2.730769230769231,2.660714285714286,0.4587585034013605,803496.3928571428,3.0
Bapunagar,2023,3,3,15570.0,25695.0,46710.0,0.0,0.0,2,0.0,0.3333333333333333,3,1.0,6.123233995736766e-17,1,1,9,0,1,0,0,0,2.0,2.6666666666666665,2.730769230769231,2.0,0.5,2779887.0,1.0
Bapunagar,2023,4,1,135536.0,135536.0,135536.0,0.0,1.0,1,0.0,0.0,1,0.8660254037844387,-0.4999999999999998,2,0,9,0,1,0,0,0,3.0,2.0,2.730769230769231,2.5,-0.6666666666666667,46710.0,4.0
Bapunagar,2023,5,4,68089.75,96739.0,272359.0,0.25,0.0,4,0.0,0.75,3,0.49999999999999994,-0.8660254037844387,2,0,9,0,1,0,0,0,1.0,3.0,2.0,2.0,3.0,135536.0,1.0
Bapunagar,2023,6,1,10641.0,10641.0,10641.0,0.0,0.0,1,0.0,0.0,1,1.2246467991473532e-16,-1.0,2,0,9,0,1,0,0,0,4.0,1.0,3.0,2.6666666666666665,-0.75,272359.0,2.0
Bapunagar,2023,7,2,293240.5,576706.0,586481.0,0.0,0.5,2,0.5,0.0,2,-0.4999999999999997,-0.8660254037844388,3,0,9,0,1,0,0,0,1.0,4.0,1.0,2.0,1.0,10641.0,1.0
Bapunagar,2023,8,1,462362.0,462362.0,462362.0,0.0,1.0,1,0.0,1.0,1,-0.8660254037844385,-0.5000000000000004,3,0,9,0,1,0,0,0,2.0,1.0,4.0,2.3333333333333335,-0.5,586481.0,2.0
Bapunagar,2023,11,2,21627.0,43254.0,43254.0,0.5,0.0,2,0.0,0.0,2,-0.5000000000000004,0.8660254037844384,4,1,9,0,1,0,0,0,1.0,2.0,1.0,1.3333333333333333,1.0,462362.0,2.0
Bapunagar,2024,1,2,28332.0,56664.0,56664.0,0.0,0.0,2,0.0,0.5,2,0.49999999999999994,0.8660254037844387,1,1,9,0,1,0,0,0,2.0,1.0,2.0,1.6666666666666667,0.0,43254.0,3.0
Bapunagar,2024,2,3,615291.0,1753070.0,1845873.0,0.3333333333333333,0.3333333333333333,2,0.0,0.3333333333333333,3,0.8660254037844386,0.5000000000000001,1,0,9,0,1,0,0,0,2.0,2.0,1.0,1.6666666666666667,0.5,56664.0,1.0
Bapunagar,2024,3,1,5939.0,5939.0,5939.0,0.0,0.0,1,1.0,0.0,1,1.0,6.123233995736766e-17,1,1,9,0,1,0,0,0,3.0,2.0,2.0,2.3333333333333335,-0.6666666666666667,1845873.0,4.0
Bapunagar,2024,4,4,59777.25,123763.0,239109.0,0.0,0.25,3,0.0,0.25,4,0.8660254037844387,-0.4999999999999998,2,0,9,0,1,0,0,0,1.0,3.0,2.0,2.0,3.0,5939.0,3.0
Bapunagar,2024,5,3,20963.0,36235.0,62889.0,0.0,0.0,3,0.0,0.3333333333333333,3,0.49999999999999994,-0.8660254037844387,2,0,9,0,1,0,0,0,4.0,1.0,3.0,2.6666666666666665,-0.25,239109.0,1.0
Bapunagar,2024,6,1,48037.0,48037.0,48037.0,1.0,0.0,1,0.0,1.0,1,1.2246467991473532e-16,-1.0,2,0,9,0,1,0,0,0,3.0,4.0,1.0,2.6666666666666665,-0.6666666666666667,62889.0,2.0
Bapunagar,2024,7,2,474202.0,936817.0,948404.0,0.0,0.5,2,0.5,0.0,2,-0.4999999999999997,-0.8660254037844388,3,0,9,0,1,0,0,0,1.0,3.0,4.0,2.6666666666666665,1.0,48037.0,3.0
Bapunagar,2024,8,3,1018043.0,2382184.0,3054129.0,0.0,0.6666666666666666,2,0.0,0.3333333333333333,3,-0.8660254037844385,-0.5000000000000004,3,0,9,0,1,0,0,0,2.0,1.0,3.0,2.0,0.5,948404.0,4.0
Bapunagar,2024,9,4,380566.25,1206707.0,1522265.0,0.0,0.5,3,0.0,0.25,3,-1.0,-1.8369701987210297e-16,3,0,9,0,1,0,0,0,3.0,2.0,1.0,2.0,0.33333333333333326,3054129.0,1.0
Bapunagar,2024,10,1,46301.0,46301.0,46301.0,0.0,0.0,1,0.0,0.0,1,-0.8660254037844386,0.5000000000000001,4,1,9,0,1,0,0,0,4.0,3.0,2.0,3.0,-0.75,1522265.0,2.0
Bapunagar,2024,11,2,14110.5,21739.0,28221.0,0.0,0.0,2,0.0,0.5,2,-0.5000000000000004,0.8660254037844384,4,1,9,0,1,0,0,0,1.0,4.0,3.0,2.6666666666666665,1.0,46301.0,2.0
Bapunagar,2024,12,2,1545622.0,2877803.0,3091244.0,0.0,1.0,2,0.0,0.5,2,-2.4492935982947064e-16,1.0,4,1,9,0,1,0,0,0,2.0,1.0,4.0,2.3333333333333335,0.0,28221.0,7.0
Bapunagar,2025,1,7,326453.5714285714,1795915.0,2285175.0,0.2857142857142857,0.42857142857142855,4,0.14285714285714285,0.14285714285714285,6,0.49999999999999994,0.8660254037844387,1,1,9,0,1,0,0,0,2.0,2.0,1.0,1.6666666666666667,2.5,3091244.0,3.0
Bapunagar,2025,2,3,28481.0,70892.0,85443.0,0.3333333333333333,0.0,3,0.3333333333333333,0.3333333333333333,3,0.8660254037844386,0.5000000000000001,1,0,9,0,1,0,0,0,7.0,2.0,2.0,3.6666666666666665,-0.5714285714285714,2285175.0,6.0
Bapunagar,2025,3,6,66297.33333333333,149801.0,397784.0,0.0,0.3333333333333333,5,0.16666666666666666,0.5,5,1.0,6.123233995736766e-17,1,1,9,0,1,0,0,0,3.0,7.0,2.0,4.0,1.0,85443.0,4.0
Bapunagar,2025,4,4,250770.5,797287.0,1003082.0,0.25,0.5,4,0.25,0.25,4,0.8660254037844387,-0.4999999999999998,2,0,9,0,1,0,0,0,6.0,3.0,7.0,5.333333333333333,-0.33333333333333337,397784.0,6.0
Bapunagar,2025,5,6,266017.0,948562.0,1596102.0,0.16666666666666666,0.6666666666666666,5,0.0,0.5,6,0.49999999999999994,-0.8660254037844387,2,0,9,0,1,0,0,0,4.0,6.0,3.0,4.333333333333333,0.5,1003082.0,1.0
Bapunagar,2025,6,1,182468.0,182468.0,182468.0,0.0,1.0,1,0.0,0.0,1,1.2246467991473532e-16,-1.0,2,0,9,0,1,0,0,0,6.0,4.0,6.0,5.333333333333333,-0.8333333333333334,1596102.0,1.0
Bapunagar,2025,7,1,32354.0,32354.0,32354.0,0.0,0.0,1,0.0,0.0,1,-0.4999999999999997,-0.8660254037844388,3,0,9,0,1,0,0,0,1.0,6.0,4.0,3.6666666666666665,0.0,182468.0,2.0
Bapunagar,2025,9,2,814593.0,1610537.0,1629186.0,0.0,0.5,2,0.0,0.5,2,-1.0,-1.8369701987210297e-16,3,1,9,0,1,0,0,0,1.0,1.0,6.0,2.6666666666666665,1.0,32354.0,6.0
Bapunagar,2025,10,6,105950.5,239130.0,635703.0,0.16666666666666666,0.5,4,0.16666666666666666,0.16666666666666666,6,-0.8660254037844386,0.5000000000000001,4,1,9,0,1,0,0,0,2.0,1.0,1.0,1.3333333333333333,2.0,1629186.0,3.0
Bodakdev,2023,1,1,9064.0,9064.0,9064.0,0.0,0.0,1,0.0,0.0,1,0.49999999999999994,0.8660254037844387,1,1,2,0,0,0,0,1,1.0,1.0,1.0,1.0,0.125,112785.625,1.0
Bodakdev,2024,2,1,15364.0,15364.0,15364.0,1.0,0.0,1,0.0,0.0,1,0.8660254037844386,0.5000000000000001,1,0,2,0,0,0,0,1,1.0,1.0,1.0,1.0,0.0,9064.0,1.0
Bodakdev,2024,6,1,85628.0,85628.0,85628.0,0.0,0.0,1,0.0,0.0,1,1.2246467991473532e-16,-1.0,2,0,2,0,0,0,0,1,1.0,1.0,1.0,1.0,0.0,15364.0,1.0
Bodakdev,2024,8,1,36589.0,36589.0,36589.0,0.0,0.0,1,0.0,0.0,1,-0.8660254037844385,-0.5000000000000004,3,0,2,0,0,0,0,1,1.0,1.0,1.0,1.0,0.0,85628.0,1.0
Bodakdev,2024,9,1,7827.0,7827.0,7827.0,0.0,0.0,1,0.0,0.0,1,-1.0,-1.8369701987210297e-16,3,0,2,0,0,0,0,1,1.0,1.0,1.0,1.0,0.0,36589.0,1.0
Bodakdev,2024,10,1,0.0,0.0,0.0,0.0,0.0,1,0.0,0.0,1,-0.8660254037844386,0.5000000000000001,4,1,2,0,0,0,0,1,1.0,1.0,1.0,1.0,0.0,7827.0,1.0
Bodakdev,2025,3,1,512395.0,512395.0,512395.0,0.0,1.0,1,0.0,0.0,1,1.0,6.123233995736766e-17,1,1,2,0,0,0,0,1,1.0,1.0,1.0,1.0,0.0,0.0,1.0
Bodakdev,2025,5,1,235418.0,235418.0,235418.0,0.0,1.0,1,0.0,0.0,1,0.49999999999999994,-0.8660254037844387,2,0,2,0,0,0,0,1,1.0,1.0,1.0,1.0,0.0,512395.0,2.0
Bodakdev,2025,6,2,71286.0,89439.0,142572.0,0.5,0.0,2,0.0,0.0,2,1.2246467991473532e-16,-1.0,2,0,2,0,0,0,0,1,1.0,1.0,1.0,1.0,1.0,235418.0,1.0
Bopal,2023,3,1,29270.0,29270.0,29270.0,0.0,0.0,1,0.0,0.0,1,1.0,6.123233995736766e-17,1,1,2,0,0,0,0,1,1.3571428571428572,1.1538461538461537,1.0833333333333333,1.1904761904761905,0.125,385896.0714285714,1.0
Bopal,2023,5,1,172218.0,172218.0,172218.0,0.0,1.0,1,0.0,1.0,1,0.49999999999999994,-0.8660254037844387,2,0,2,0,0,0,0,1,1.0,1.1538461538461537,1.0833333333333333,1.0,0.0,29270.0,2.0
Bopal,2023,6,2,56617.5,70401.0,113235.0,0.5,0.0,2,0.5,0.5,2,1.2246467991473532e-16,-1.0,2,0,2,0,0,0,0,1,1.0,1.0,1.0833333333333333,1.0,1.0,172218.0,1.0
Bopal,2023,7,1,37471.0,37471.0,37471.0,0.0,0.0,1,0.0,1.0,1,-0.4999999999999997,-0.8660254037844388,3,0,2,0,0,0,0,1,2.0,1.0,1.0,1.3333333333333333,-0.5,113235.0,1.0
Bopal,2023,8,1,0.0,0.0,0.0,0.0,0.0,1,0.0,0.0,1,-0.8660254037844385,-0.5000000000000004,3,0,2,0,0,0,0,1,1.0,2.0,1.0,1.3333333333333333,0.0,37471.0,1.0
Bopal,2023,9,1,14465.0,14465.0,14465.0,0.0,0.0,1,0.0,0.0,1,-1.0,-1.8369701987210297e-16,3,0,2,0,0,0,0,1,1.0,1.0,2.0,1.3333333333333333,0.0,0.0,1.0
Bopal,2024,3,1,59104.0,59104.0,59104.0,0.0,0.0,1,0.0,0.0,1,1.0,6.123233995736766e-17,1,1,2,0,0,0,0,1,1.0,1.0,1.0,1.0,0.0,14465.0,1.0
Bopal,2024,4,1,104505.0,104505.0,104505.0,0.0,1.0,1,0.0,0.0,1,0.8660254037844387,-0.4999999999999998,2,0,2,0,0,0,0,1,1.0,1.0,1.0,1.0,0.0,59104.0,1.0
Bopal,2024,5,1,2455.0,2455.0,2455.0,0.0,0.0,1,0.0,0.0,1,0.49999999999999994,-0.8660254037844387,2,0,2,0,0,0,0,1,1.0,1.0,1.0,1.0,0.0,104505.0,1.0
Bopal,2025,1,1,3588643.0,3588643.0,3588643.0,0.0,1.0,1,0.0,0.0,1,0.49999999999999994,0.8660254037844387,1,1,2,0,0,0,0,1,1.0,1.0,1.0,1.0,0.0,2455.0,1.0
Bopal,2025,2,1,5373.0,5373.0,5373.0,1.0,0.0,1,1.0,1.0,1,0.8660254037844386,0.5000000000000001,1,0,2,0,0,0,0,1,1.0,1.0,1.0,1.0,0.0,3588643.0,1.0
Bopal,2025,3,1,4138.0,4138.0,4138.0,0.0,0.0,1,0.0,1.0,1,1.0,6.123233995736766e-17,1,1,2,0,0,0,0,1,1.0,1.0,1.0,1.0,0.0,5373.0,2.0
Bopal,2025,4,2,142999.5,185728.0,285999.0,0.0,1.0,2,0.0,0.0,2,0.8660254037844387,-0.4999999999999998,2,0,2,0,0,0,0,1,1.0,1.0,1.0,1.0,1.0,4138.0,4.0
Bopal,2025,5,4,246417.25,665291.0,985669.0,0.0,0.75,3,0.0,0.25,3,0.49999999999999994,-0.8660254037844387,2,0,2,0,0,0,0,1,2.0,1.0,1.0,1.3333333333333333,1.0,285999.0,1.0
Bopal,2025,6,1,3579888.0,3579888.0,3579888.0,0.0,1.0,1,0.0,1.0,1,1.2246467991473532e-16,-1.0,2,0,2,0,0,0,0,1,4.0,2.0,1.0,2.3333333333333335,-0.75,985669.0,1.0
Chandkheda,2023,1,1,0.0,0.0,0.0,0.0,0.0,1,0.0,0.0,1,0.49999999999999994,0.8660254037844387,1,1,5,0,0,1,0,0,1.3333333333333333,1.3529411764705883,1.375,1.3333333333333333,0.18518518518518517,98240.88888888889,1.0
Chandkheda,2023,10,1,0.0,0.0,0.0,0.0,0.0,1,1.0,0.0,1,-0.8660254037844386,0.5000000000000001,4,1,5,0,0,1,0,0,1.0,1.3529411764705883,1.375,1.0,0.0,0.0,1.0
Chandkheda,2024,1,1,22065.0,22065.0,22065.0,0.0,0.0,1,0.0,1.0,1,0.49999999999999994,0.8660254037844387,1,1,5,0,0,1,0,0,1.0,1.0,1.375,1.0,0.0,0.0,2.0
Chandkheda,2024,2,2,261783.5,422393.0,523567.0,0.0,1.0,2,0.0,0.5,2,0.8660254037844386,0.5000000000000001,1,0,5,0,0,1,0,0,1.0,1.0,1.0,1.0,1.0,22065.0,1.0
Chandkheda,2024,5,1,148167.0,148167.0,148167.0,0.0,1.0,1,0.0,1.0,1,0.49999999999999994,-0.8660254037844387,2,0,5,0,0,1,0,0,2.0,1.0,1.0,1.3333333333333333,-0.5,523567.0,1.0
Chandkheda,2024,6,1,29816.0,29816.0,29816.0,1.0,0.0,1,0.0,0.0,1,1.2246467991473532e-16,-1.0,2,0,5,0,0,1,0,0,1.0,2.0,1.0,1.3333333333333333,0.0,148167.0,1.0
Chandkheda,2024,7,1,49374.0,49374.0,49374.0,0.0,0.0,1,0.0,1.0,1,-0.4999999999999997,-0.8660254037844388,3,0,5,0,0,1,0,0,1.0,1.0,2.0,1.3333333333333333,0.0,29816.0,1.0
Chandkheda,2024,9,1,69718.0,69718.0,69718.0,0.0,0.0,1,0.0,0.0,1,-1.0,-1.8369701987210297e-16,3,0,5,0,0,1,0,0,1.0,1.0,1.0,1.0,0.0,49374.0,1.0
Chandkheda,2024,10,1,5494.0,5494.0,5494.0,0.0,0.0,1,0.0,1.0,1,-0.8660254037844386,0.5000000000000001,4,1,5,0,0,1,0,0,1.0,1.0,1.0,1.0,0.0,69718.0,1.0
Chandkheda,2024,11,1,70755.0,70755.0,70755.0,1.0,0.0,1,0.0,1.0,1,-0.5000000000000004,0.8660254037844384,4,1,5,0,0,1,0,0,1.0,1.0,1.0,1.0,0.0,5494.0,2.0
Chandkheda,2024,12,2,72796.5,142743.0,145593.0,0.0,0.5,1,0.0,0.0,2,-2.4492935982947064e-16,1.0,4,1,5,0,0,1,0,0,1.0,1.0,1.0,1.0,1.0,70755.0,1.0
Chandkheda,2025,1,1,229420.0,229420.0,229420.0,0.0,1.0,1,0.0,0.0,1,0.49999999999999994,0.8660254037844387,1,1,5,0,0,1,0,0,2.0,1.0,1.0,1.3333333333333333,-0.5,145593.0,1.0
Chandkheda,2025,2,1,15256.0,15256.0,15256.0,0.0,0.0,1,0.0,0.0,1,0.8660254037844386,0.5000000000000001,1,0,5,0,0,1,0,0,1.0,2.0,1.0,1.3333333333333333,0.0,229420.0,3.0
Chandkheda,2025,3,3,89080.33333333333,114349.0,267241.0,0.0,0.6666666666666666,3,0.0,0.6666666666666666,2,1.0,6.123233995736766e-17,1,1,5,0,0,1,0,0,1.0,1.0,2.0,1.3333333333333333,2.0,15256.0,3.0
Chandkheda,2025,4,3,7972.0,16385.0,23916.0,0.0,0.0,2,0.0,0.0,3,0.8660254037844387,-0.4999999999999998,2,0,5,0,0,1,0,0,3.0,1.0,1.0,1.6666666666666667,0.0,267241.0,1.0
Chandkheda,2025,6,1,27940.0,27940.0,27940.0,0.0,0.0,1,0.0,1.0,1,1.2246467991473532e-16,-1.0,2,0,5,0,0,1,0,0,3.0,3.0,1.0,2.3333333333333335,-0.6666666666666667,23916.0,1.0
Chandkheda,2025,8,1,19399.0,19399.0,19399.0,0.0,0.0,1,0.0,0.0,1,-0.8660254037844385,-0.5000000000000004,3,0,5,0,0,1,0,0,1.0,3.0,3.0,2.3333333333333335,0.0,27940.0,1.0
Chandkheda,2025,9,1,120615.0,120615.0,120615.0,0.0,1.0,1,0.0,1.0,1,-1.0,-1.8369701987210297e-16,3,1,5,0,0,1,0,0,1.0,1.0,3.0,1.6666666666666667,0.0,19399.0,2.0
Chandkheda,2025,10,2,43864.5,52864.0,87729.0,1.0,0.0,2,0.0,0.5,1,-0.8660254037844386,0.5000000000000001,4,1,5,0,0,1,0,0,1.0,1.0,1.0,1.0,1.0,120615.0,2.0
Dariapur,2023,1,2,30460.0,49646.0,60920.0,0.0,0.0,2,0.5,0.5,2,0.49999999999999994,0.8660254037844387,1,1,8,1,0,0,0,0,2.4444444444444446,2.423076923076923,2.48,2.432098765432099,0.7076318742985409,542985.074074074,2.0
Dariapur,2023,2,2,84973.0,109658.0,169946.0,0.5,0.5,2,0.5,0.0,2,0.8660254037844386,0.5000000000000001,1,0,8,1,0,0,0,0,2.0,2.423076923076923,2.48,2.0,0.0,60920.0,1.0
Dariapur,2023,3,1,1463537.0,1463537.0,1463537.0,0.0,1.0,1,0.0,1.0,1,1.0,6.123233995736766e-17,1,1,8,1,0,0,0,0,2.0,2.0,2.48,2.0,-0.5,169946.0,3.0
Dariapur,2023,5,3,148167.66666666666,386986.0,444503.0,0.0,0.3333333333333333,2,0.0,1.0,3,0.49999999999999994,-0.8660254037844387,2,0,8,1,0,0,0,0,1.0,2.0,2.0,1.6666666666666667,2.0,1463537.0,1.0
Dariapur,2023,6,1,9103.0,9103.0,9103.0,0.0,0.0,1,0.0,1.0,1,1.2246467991473532e-16,-1.0,2,0,8,1,0,0,0,0,3.0,1.0,2.0,2.0,-0.6666666666666667,444503.0,2.0
Dariapur,2023,8,2,32811.0,65622.0,65622.0,0.0,0.0,1,0.0,0.0,2,-0.8660254037844385,-0.5000000000000004,3,0,8,1,0,0,0,0,1.0,3.0,1.0,1.6666666666666667,1.0,9103.0,2.0
Dariapur,2023,9,2,24846.5,49693.0,49693.0,0.0,0.0,2,0.0,0.0,2,-1.0,-1.8369701987210297e-16,3,0,8,1,0,0,0,0,2.0,1.0,3.0,2.0,0.0,65622.0,1.0
Dariapur,2023,10,1,14629.0,14629.0,14629.0,0.0,0.0,1,0.0,0.0,1,-0.8660254037844386,0.5000000000000001,4,1,8,1,0,0,0,0,2.0,2.0,1.0,1.6666666666666667,-0.5,49693.0,4.0
Dariapur,2024,1,4,65041.5,155870.0,260166.0,0.25,0.25,2,0.0,0.0,3,0.49999999999999994,0.8660254037844387,1,1,8,1,0,0,0,0,1.0,2.0,2.0,1.6666666666666667,3.0,14629.0,2.0
Dariapur,2024,2,2,56198.5,99954.0,112397.0,0.5,0.0,2,0.0,0.0,2,0.8660254037844386,0.5000000000000001,1,0,8,1,0,0,0,0,4.0,1.0,2.0,2.3333333333333335,-0.5,260166.0,1.0
Dariapur,2024,3,1,29260.0,29260.0,29260.0,0.0,0.0,1,0.0,0.0,1,1.0,6.123233995736766e-17,1,1,8,1,0,0,0,0,2.0,4.0,1.0,2.3333333333333335,-0.5,112397.0,11.0
Dariapur,2024,4,11,336420.36363636365,3055918.0,3700624.0,0.18181818181818182,0.2727272727272727,5,0.18181818181818182,0.36363636363636365,7,0.8660254037844387,-0.4999999999999998,2,0,8,1,0,0,0,0,1.0,2.0,4.0,2.3333333333333335,10.0,29260.0,3.0
Dariapur,2024,6,3,99508.0,295923.0,298524.0,0.0,0.3333333333333333,2,0.0,0.3333333333333333,3,1.2246467991473532e-16,-1.0,2,0,8,1,0,0,0,0,11.0,1.0,2.0,4.666666666666667,-0.7272727272727273,3700624.0,3.0
Dariapur,2024,7,3,34640.333333333336,74148.0,103921.0,0.6666666666666666,0.0,2,0.0,0.3333333333333333,2,-0.4999999999999997,-0.8660254037844388,3,0,8,1,0,0,0,0,3.0,11.0,1.0,5.0,0.0,298524.0,2.0
Dariapur,2024,8,2,373777.0,577500.0,747554.0,0.0,1.0,2,0.0,0.5,2,-0.8660254037844385,-0.5000000000000004,3,0,8,1,0,0,0,0,3.0,3.0,11.0,5.666666666666667,-0.33333333333333337,103921.0,1.0
Dariapur,2024,10,1,4636.0,4636.0,4636.0,0.0,0.0,1,1.0,1.0,1,-0.8660254037844386,0.5000000000000001,4,1,8,1,0,0,0,0,2.0,3.0,3.0,2.6666666666666665,-0.5,747554.0,1.0
Dariapur,2024,11,1,33744.0,33744.0,33744.0,0.0,0.0,1,0.0,0.0,1,-0.5000000000000004,0.8660254037844384,4,1,8,1,0,0,0,0,1.0,2.0,3.0,2.0,0.0,4636.0,1.0
Dariapur,2024,12,1,163488.0,163488.0,163488.0,0.0,1.0,1,0.0,0.0,1,-2.4492935982947064e-16,1.0,4,1,8,1,0,0,0,0,1.0,1.0,2.0,1.3333333333333333,0.0,33744.0,6.0
Dariapur,2025,1,6,673198.1666666666,3951472.0,4039189.0,0.16666666666666666,0.16666666666666666,4,0.0,0.5,5,0.49999999999999994,0.8660254037844387,1,1,8,1,0,0,0,0,1.0,1.0,1.0,1.0,5.0,163488.0,2.0
Dariapur,2025,2,2,211872.5,377518.0,423745.0,0.0,0.5,1,0.0,0.0,2,0.8660254037844386,0.5000000000000001,1,0,8,1,0,0,0,0,6.0,1.0,1.0,2.6666666666666665,-0.6666666666666667,4039189.0,1.0
Dariapur,2025,3,1,62822.0,62822.0,62822.0,1.0,0.0,1,0.0,1.0,1,1.0,6.123233995736766e-17,1,1,8,1,0,0,0,0,2.0,6.0,1.0,3.0,-0.5,423745.0,3.0
Dariapur,2025,4,3,467435.0,1312049.0,1402305.0,0.0,0.3333333333333333,1,0.0,0.3333333333333333,3,0.8660254037844387,-0.4999999999999998,2,0,8,1,0,0,0,0,1.0,2.0,6.0,3.0,2.0,62822.0,2.0
Dariapur,2025,5,2,44990.5,56009.0,89981.0,1.0,0.0,2,0.5,0.5,1,0.49999999999999994,-0.8660254037844387,2,0,8,1,0,0,0,0,3.0,1.0,2.0,2.0,-0.33333333333333337,1402305.0,2.0
Dariapur,2025,6,2,0.0,0.0,0.0,0.0,0.0,1,0.0,0.0,1,1.2246467991473532e-16,-1.0,2,0,8,1,0,0,0,0,2.0,3.0,1.0,2.0,0.0,89981.0,3.0
Dariapur,2025,8,3,12169.666666666666,26076.0,36509.0,0.0,0.0,3,0.0,0.3333333333333333,3,-0.8660254037844385,-0.5000000000000004,3,0,8,1,0,0,0,0,2.0,2.0,3.0,2.3333333333333335,0.5,0.0,1.0
Dariapur,2025,9,1,104297.0,104297.0,104297.0,1.0,1.0,1,0.0,0.0,1,-1.0,-1.8369701987210297e-16,3,1,8,1,0,0,0,0,3.0,2.0,2.0,2.3333333333333335,-0.6666666666666667,36509.0,3.0
Dariapur,2025,10,3,256494.0,579095.0,769482.0,0.3333333333333333,0.6666666666666666,3,0.0,0.3333333333333333,3,-0.8660254037844386,0.5000000000000001,4,1,8,1,0,0,0,0,1.0,3.0,2.0,2.0,2.0,104297.0,3.0
Dariapur,2025,11,3,39646.666666666664,75741.0,118940.0,0.3333333333333333,0.0,3,0.0,0.3333333333333333,3,-0.5000000000000004,0.8660254037844384,4,0,8,1,0,0,0,0,3.0,1.0,3.0,2.3333333333333335,0.0,769482.0,2.0
Ellis Bridge,2023,1,3,258670.66666666666,762350.0,776012.0,0.0,0.3333333333333333,3,0.0,0.3333333333333333,3,0.49999999999999994,0.8660254037844387,1,1,4,1,0,0,0,0,1.5,1.5238095238095237,1.5,1.5606060606060603,0.10606060606060602,411601.95454545453,1.0
Ellis Bridge,2023,3,1,20213.0,20213.0,20213.0,0.0,0.0,1,0.0,0.0,1,1.0,6.123233995736766e-17,1,1,4,1,0,0,0,0,3.0,1.5238095238095237,1.5,3.0,-0.6666666666666667,776012.0,1.0
Ellis Bridge,2023,4,1,0.0,0.0,0.0,0.0,0.0,1,0.0,0.0,1,0.8660254037844387,-0.4999999999999998,2,0,4,1,0,0,0,0,1.0,3.0,1.5,2.0,0.0,20213.0,1.0
Ellis Bridge,2023,5,1,29292.0,29292.0,29292.0,0.0,0.0,1,0.0,1.0,1,0.49999999999999994,-0.8660254037844387,2,0,4,1,0,0,0,0,1.0,1.0,3.0,1.6666666666666667,0.0,0.0,1.0
Ellis Bridge,2023,9,1,10759.0,10759.0,10759.0,0.0,0.0,1,0.0,1.0,1,-1.0,-1.8369701987210297e-16,3,0,4,1,0,0,0,0,1.0,1.0,1.0,1.0,0.0,29292.0,1.0
Ellis Bridge,2023,10,1,567503.0,567503.0,567503.0,0.0,1.0,1,0.0,0.0,1,-0.8660254037844386,0.5000000000000001,4,1,4,1,0,0,0,0,1.0,1.0,1.0,1.0,0.0,10759.0,1.0
Ellis Bridge,2024,1,1,30487.0,30487.0,30487.0,0.0,0.0,1,0.0,0.0,1,0.49999999999999994,0.8660254037844387,1,1,4,1,0,0,0,0,1.0,1.0,1.0,1.0,0.0,567503.0,1.0
Ellis Bridge,2024,2,1,6263.0,6263.0,6263.0,0.0,0.0,1,0.0,0.0,1,0.8660254037844386,0.5000000000000001,1,0,4,1,0,0,0,0,1.0,1.0,1.0,1.0,0.0,30487.0,2.0
Ellis Bridge,2024,3,2,24253.5,38870.0,48507.0,0.0,0.0,2,0.0,0.0,2,1.0,6.123233995736766e-17,1,1,4,1,0,0,0,0,1.0,1.0,1.0,1.0,1.0,6263.0,1.0
Ellis Bridge,2024,5,1,11440.0,11440.0,11440.0,0.0,0.0,1,0.0,0.0,1,0.49999999999999994,-0.8660254037844387,2,0,4,1,0,0,0,0,2.0,1.0,1.0,1.3333333333333333,-0.5,48507.0,1.0
Ellis Bridge,2024,6,1,97564.0,97564.0,97564.0,0.0,0.0,1,0.0,1.0,1,1.2246467991473532e-16,-1.0,2,0,4,1,0,0,0,0,1.0,2.0,1.0,1.3333333333333333,0.0,11440.0,1.0
Ellis Bridge,2024,7,1,296239.0,296239.0,296239.0,0.0,1.0,1,0.0,0.0,1,-0.4999999999999997,-0.8660254037844388,3,0,4,1,0,0,0,0,1.0,1.0,2.0,1.3333333333333333,0.0,97564.0,1.0
Ellis Bridge,2024,9,1,0.0,0.0,0.0,0.0,0.0,1,0.0,1.0,1,-1.0,-1.8369701987210297e-16,3,0,4,1,0,0,0,0,1.0,1.0,1.0,1.0,0.0,296239.0,2.0
Ellis Bridge,2024,11,2,1154287.0,1631946.0,2308574.0,0.0,1.0,2,0.0,0.0,2,-0.5000000000000004,0.8660254037844384,4,1,4,1,0,0,0,0,1.0,1.0,1.0,1.0,1.0,0.0,1.0
Ellis Bridge,2025,1,1,77492.0,77492.0,77492.0,1.0,0.0,1,0.0,0.0,1,0.49999999999999994,0.8660254037844387,1,1,4,1,0,0,0,0,2.0,1.0,1.0,1.3333333333333333,-0.5,2308574.0,3.0
Ellis Bridge,2025,2,3,75186.0,182207.0,225558.0,0.0,0.3333333333333333,2,0.0,0.0,2,0.8660254037844386,0.5000000000000001,1,0,4,1,0,0,0,0,1.0,2.0,1.0,1.3333333333333333,2.0,77492.0,1.0
Ellis Bridge,2025,3,1,36618.0,36618.0,36618.0,0.0,0.0,1,0.0,0.0,1,1.0,6.123233995736766e-17,1,1,4,1,0,0,0,0,3.0,1.0,2.0,2.0,-0.6666666666666667,225558.0,2.0
Ellis Bridge,2025,4,2,624923.0,1206367.0,1249846.0,0.0,0.5,2,0.0,0.0,2,0.8660254037844387,-0.4999999999999998,2,0,4,1,0,0,0,0,1.0,3.0,1.0,1.6666666666666667,1.0,36618.0,3.0
Ellis Bridge,2025,5,3,19887.666666666668,50318.0,59663.0,0.3333333333333333,0.0,3,0.0,0.0,3,0.49999999999999994,-0.8660254037844387,2,0,4,1,0,0,0,0,2.0,1.0,3.0,2.0,0.5,1249846.0,2.0
Ellis Bridge,2025,6,2,101283.5,123244.0,202567.0,0.0,0.5,1,0.0,0.5,1,1.2246467991473532e-16,-1.0,2,0,4,1,0,0,0,0,3.0,2.0,1.0,2.0,-0.33333333333333337,59663.0,2.0
Ellis Bridge,2025,7,2,1393527.0,2773562.0,2787054.0,0.0,0.5,2,0.5,0.5,2,-0.4999999999999997,-0.8660254037844388,3,0,4,1,0,0,0,0,2.0,3.0,2.0,2.3333333333333335,0.0,202567.0,1.0
Ellis Bridge,2025,8,1,213592.0,213592.0,213592.0,0.0,1.0,1,0.0,0.0,1,-0.8660254037844385,-0.5000000000000004,3,0,4,1,0,0,0,0,2.0,2.0,3.0,2.3333333333333335,-0.5,2787054.0,1.0
Ellis Bridge,2025,10,1,57609.0,57609.0,57609.0,1.0,0.0,1,0.0,0.0,1,-0.8660254037844386,0.5000000000000001,4,1,4,1,0,0,0,0,1.0,2.0,2.0,1.6666666666666667,0.0,213592.0,3.0
Gomtipur,2023,1,2,28995.0,34277.0,57990.0,0.5,0.0,2,0.5,0.0,2,0.49999999999999994,0.8660254037844387,1,1,7,0,1,0,0,0,2.8421052631578947,2.7777777777777777,2.8823529411764706,2.789473684210526,0.6403508771929826,708354.1052631579,2.0
Gomtipur,2023,2,2,6843.5,6962.0,13687.0,0.0,0.0,1,0.0,0.5,1,0.8660254037844386,0.5000000000000001,1,0,7,0,1,0,0,0,2.0,2.7777777777777777,2.8823529411764706,2.0,0.0,57990.0,1.0
Gomtipur,2023,11,1,3502.0,3502.0,3502.0,0.0,0.0,1,0.0,0.0,1,-0.5000000000000004,0.8660254037844384,4,1,7,0,1,0,0,0,2.0,2.0,2.8823529411764706,2.0,-0.5,13687.0,5.0
Gomtipur,2024,1,5,445235.6,2103350.0,2226178.0,0.0,0.2,3,0.4,0.4,5,0.49999999999999994,0.8660254037844387,1,1,7,0,1,0,0,0,1.0,2.0,2.0,1.6666666666666667,4.0,3502.0,3.0
Gomtipur,2024,2,3,137228.33333333334,322015.0,411685.0,0.3333333333333333,0.3333333333333333,1,0.0,0.3333333333333333,3,0.8660254037844386,0.5000000000000001,1,0,7,0,1,0,0,0,5.0,1.0,2.0,2.6666666666666665,-0.4,2226178.0,3.0
Gomtipur,2024,3,3,9858.666666666666,22251.0,29576.0,0.3333333333333333,0.0,3,0.0,0.3333333333333333,3,1.0,6.123233995736766e-17,1,1,7,0,1,0,0,0,3.0,5.0,1.0,3.0,0.0,411685.0,1.0
Gomtipur,2024,4,1,3530.0,3530.0,3530.0,0.0,0.0,1,0.0,0.0,1,0.8660254037844387,-0.4999999999999998,2,0,7,0,1,0,0,0,3.0,3.0,5.0,3.6666666666666665,-0.6666666666666667,29576.0,4.0
Gomtipur,2024,6,4,60997.0,122461.0,243988.0,0.25,0.25,2,0.25,0.25,4,1.2246467991473532e-16,-1.0,2,0,7,0,1,0,0,0,1.0,3.0,3.0,2.3333333333333335,3.0,3530.0,4.0
Gomtipur,2024,9,4,350466.25,748722.0,1401865.0,0.0,0.75,4,0.25,0.0,3,-1.0,-1.8369701987210297e-16,3,0,7,0,1,0,0,0,4.0,1.0,3.0,2.6666666666666665,0.0,243988.0,3.0
Gomtipur,2024,11,3,933882.3333333334,2673865.0,2801647.0,0.3333333333333333,0.3333333333333333,2,0.0,0.6666666666666666,3,-0.5000000000000004,0.8660254037844384,4,1,7,0,1,0,0,0,4.0,4.0,1.0,3.0,-0.25,1401865.0,2.0
Gomtipur,2024,12,2,34592.5,69185.0,69185.0,0.5,0.0,2,0.0,0.0,2,-2.4492935982947064e-16,1.0,4,1,7,0,1,0,0,0,3.0,4.0,4.0,3.6666666666666665,-0.33333333333333337,2801647.0,6.0
Gomtipur,2025,1,6,867430.5,4149691.0,5204583.0,0.0,0.6666666666666666,3,0.0,0.0,4,0.49999999999999994,0.8660254037844387,1,1,7,0,1,0,0,0,2.0,3.0,4.0,3.0,2.0,69185.0,1.0
Gomtipur,2025,2,1,39369.0,39369.0,39369.0,0.0,0.0,1,0.0,0.0,1,0.8660254037844386,0.5000000000000001,1,0,7,0,1,0,0,0,6.0,2.0,3.0,3.6666666666666665,-0.8333333333333334,5204583.0,5.0
Gomtipur,2025,3,5,59482.4,106499.0,297412.0,0.6,0.2,4,0.2,0.6,3,1.0,6.123233995736766e-17,1,1,7,0,1,0,0,0,1.0,6.0,2.0,3.0,4.0,39369.0,2.0
Gomtipur,2025,4,2,24004.0,48008.0,48008.0,0.0,0.0,2,0.0,0.5,2,0.8660254037844387,-0.4999999999999998,2,0,7,0,1,0,0,0,5.0,1.0,6.0,4.0,-0.6,297412.0,4.0
Gomtipur,2025,5,4,36082.75,95083.0,144331.0,0.25,0.0,3,0.0,0.0,4,0.49999999999999994,-0.8660254037844387,2,0,7,0,1,0,0,0,2.0,5.0,1.0,2.6666666666666665,1.0,48008.0,1.0
Gomtipur,2025,6,1,55248.0,55248.0,55248.0,0.0,0.0,1,0.0,1.0,1,1.2246467991473532e-16,-1.0,2,0,7,0,1,0,0,0,4.0,2.0,5.0,3.6666666666666665,-0.75,144331.0,1.0
Gomtipur,2025,9,1,0.0,0.0,0.0,0.0,0.0,1,1.0,0.0,1,-1.0,-1.8369701987210297e-16,3,1,7,0,1,0,0,0,1.0,4.0,2.0,2.3333333333333335,0.0,55248.0,4.0
Gomtipur,2025,10,4,101736.0,364986.0,406944.0,0.0,0.25,4,0.0,0.75,2,-0.8660254037844386,0.5000000000000001,4,1,7,0,1,0,0,0,1.0,1.0,4.0,2.0,3.0,0.0,2.0
Gomtipur,2025,11,2,121759.0,223151.0,243518.0,0.0,0.5,2,0.5,1.0,2,-0.5000000000000004,0.8660254037844384,4,0,7,0,1,0,0,0,4.0,1.0,1.0,2.0,-0.5,406944.0,2.0
Gota,2023,1,2,76774.5,138401.0,153549.0,0.0,0.5,2,0.0,0.5,2,0.49999999999999994,0.8660254037844387,1,1,3,0,0,1,0,0,1.7058823529411764,1.6875,1.7333333333333334,1.715686274509804,0.3088235294117647,185933.76470588235,1.0
Gota,2023,7,1,160873.0,160873.0,160873.0,0.0,1.0,1,0.0,1.0,1,-0.4999999999999997,-0.8660254037844388,3,0,3,0,0,1,0,0,2.0,1.6875,1.7333333333333334,2.0,-0.5,153549.0,1.0
Gota,2023,12,1,7945.0,7945.0,7945.0,0.0,0.0,1,0.0,0.0,1,-2.4492935982947064e-16,1.0,4,1,3,0,0,1,0,0,1.0,2.0,1.7333333333333334,1.5,0.0,160873.0,2.0
Gota,2024,1,2,170954.0,341908.0,341908.0,0.0,0.5,1,0.0,0.0,2,0.49999999999999994,0.8660254037844387,1,1,3,0,0,1,0,0,1.0,1.0,2.0,1.3333333333333333,1.0,7945.0,2.0
Gota,2024,2,2,73525.0,130074.0,147050.0,0.0,0.5,1,0.0,0.5,2,0.8660254037844386,0.5000000000000001,1,0,3,0,0,1,0,0,2.0,1.0,1.0,1.3333333333333333,0.0,341908.0,1.0
Gota,2024,5,1,43881.0,43881.0,43881.0,1.0,0.0,1,0.0,0.0,1,0.49999999999999994,-0.8660254037844387,2,0,3,0,0,1,0,0,2.0,2.0,1.0,1.6666666666666667,-0.5,147050.0,4.0
Gota,2024,6,4,30152.0,60434.0,120608.0,0.25,0.0,3,0.0,0.25,4,1.2246467991473532e-16,-1.0,2,0,3,0,0,1,0,0,1.0,2.0,2.0,1.6666666666666667,3.0,43881.0,2.0
Gota,2024,7,2,10383.0,20766.0,20766.0,0.0,0.0,2,0.0,0.5,2,-0.4999999999999997,-0.8660254037844388,3,0,3,0,0,1,0,0,4.0,1.0,2.0,2.3333333333333335,-0.5,120608.0,1.0
Gota,2024,9,1,31467.0,31467.0,31467.0,0.0,0.0,1,0.0,0.0,1,-1.0,-1.8369701987210297e-16,3,0,3,0,0,1,0,0,2.0,4.0,1.0,2.3333333333333335,-0.5,20766.0,1.0
Gota,2024,10,1,150267.0,150267.0,150267.0,0.0,1.0,1,0.0,0.0,1,-0.8660254037844386,0.5000000000000001,4,1,3,0,0,1,0,0,1.0,2.0,4.0,2.3333333333333335,0.0,31467.0,2.0
Gota,2025,1,2,9367.5,18093.0,18735.0,0.0,0.0,2,0.0,0.0,2,0.49999999999999994,0.8660254037844387,1,1,3,0,0,1,0,0,1.0,1.0,2.0,1.3333333333333333,1.0,150267.0,1.0
Gota,2025,2,1,191709.0,191709.0,191709.0,0.0,1.0,1,0.0,1.0,1,0.8660254037844386,0.5000000000000001,1,0,3,0,0,1,0,0,2.0,1.0,1.0,1.3333333333333333,-0.5,18735.0,4.0
Gota,2025,3,4,418382.0,1523047.0,1673528.0,0.25,0.5,4,0.0,0.5,4,1.0,6.123233995736766e-17,1,1,3,0,0,1,0,0,1.0,2.0,1.0,1.3333333333333333,3.0,191709.0,1.0
Gota,2025,6,1,10844.0,10844.0,10844.0,0.0,0.0,1,0.0,0.0,1,1.2246467991473532e-16,-1.0,2,0,3,0,0,1,0,0,4.0,1.0,2.0,2.3333333333333335,-0.75,1673528.0,1.0
Gota,2025,7,1,0.0,0.0,0.0,0.0,0.0,1,0.0,0.0,1,-0.4999999999999997,-0.8660254037844388,3,0,3,0,0,1,0,0,1.0,4.0,1.0,2.0,0.0,10844.0,1.0
Gota,2025,9,1,40805.0,40805.0,40805.0,0.0,0.0,1,0.0,0.0,1,-1.0,-1.8369701987210297e-16,3,1,3,0,0,1,0,0,1.0,1.0,4.0,2.0,0.0,0.0,2.0
Gota,2025,10,2,23469.5,42375.0,46939.0,0.0,0.0,2,0.0,0.0,2,-0.8660254037844386,0.5000000000000001,4,1,3,0,0,1,0,0,1.0,1.0,1.0,1.0,1.0,40805.0,1.0
Gota,2025,11,1,66829.0,66829.0,66829.0,1.0,0.0,1,0.0,1.0,1,-0.5000000000000004,0.8660254037844384,4,0,3,0,0,1,0,0,2.0,1.0,1.0,1.3333333333333333,-0.5,46939.0,3.0
Isanpur,2023,1,3,16856.0,31944.0,50568.0,0.0,0.0,3,0.0,0.3333333333333333,2,0.49999999999999994,0.8660254037844387,1,1,7,0,0,0,1,0,2.4444444444444446,2.5,2.52,2.5,0.31948853615520284,336509.4074074074,2.0
Isanpur,2023,2,2,21097.5,42195.0,42195.0,0.0,0.0,2,0.0,0.0,2,0.8660254037844386,0.5000000000000001,1,0,7,0,0,0,1,0,3.0,2.5,2.52,3.0,-0.33333333333333337,50568.0,1.0
Isanpur,2023,5,1,390072.0,390072.0,390072.0,0.0,1.0,1,0.0,1.0,1,0.49999999999999994,-0.8660254037844387,2,0,7,0,0,0,1,0,2.0,3.0,2.52,2.5,-0.5,42195.0,1.0
Isanpur,2023,6,1,32902.0,32902.0,32902.0,1.0,0.0,1,0.0,1.0,1,1.2246467991473532e-16,-1.0,2,0,7,0,0,0,1,0,1.0,2.0,3.0,2.0,0.0,390072.0,1.0
Isanpur,2023,7,1,467612.0,467612.0,467612.0,0.0,1.0,1,0.0,0.0,1,-0.4999999999999997,-0.8660254037844388,3,0,7,0,0,0,1,0,1.0,1.0,2.0,1.3333333333333333,0.0,32902.0,2.0
Isanpur,2023,10,2,71410.5,120319.0,142821.0,0.0,0.5,2,0.5,0.0,1,-0.8660254037844386,0.5000000000000001,4,1,7,0,0,0,1,0,1.0,1.0,1.0,1.0,1.0,467612.0,3.0
Isanpur,2023,12,3,25358.666666666668,41244.0,76076.0,0.3333333333333333,0.0,3,0.0,0.6666666666666666,3,-2.4492935982947064e-16,1.0,4,1,7,0,0,0,1,0,2.0,1.0,1.0,1.3333333333333333,0.5,142821.0,3.0
Isanpur,2024,1,3,630551.3333333334,1875749.0,1891654.0,0.3333333333333333,0.3333333333333333,3,0.0,0.0,3,0.49999999999999994,0.8660254037844387,1,1,7,0,0,0,1,0,3.0,2.0,1.0,2.0,0.0,76076.0,3.0
Isanpur,2024,2,3,133697.0,295495.0,401091.0,0.0,0.3333333333333333,2,0.0,0.6666666666666666,3,0.8660254037844386,0.5000000000000001,1,0,7,0,0,0,1,0,3.0,3.0,2.0,2.6666666666666665,0.0,1891654.0,3.0
Isanpur,2024,3,3,635903.6666666666,1887664.0,1907711.0,0.0,0.3333333333333333,2,0.0,0.3333333333333333,3,1.0,6.123233995736766e-17,1,1,7,0,0,0,1,0,3.0,3.0,3.0,3.0,0.0,401091.0,7.0
Isanpur,2024,4,7,81718.71428571429,176078.0,572031.0,0.0,0.42857142857142855,4,0.0,0.2857142857142857,4,0.8660254037844387,-0.4999999999999998,2,0,7,0,0,0,1,0,3.0,3.0,3.0,3.0,1.3333333333333335,1907711.0,1.0
Isanpur,2024,5,1,11922.0,11922.0,11922.0,0.0,0.0,1,0.0,0.0,1,0.49999999999999994,-0.8660254037844387,2,0,7,0,0,0,1,0,7.0,3.0,3.0,4.333333333333333,-0.8571428571428572,572031.0,3.0
Isanpur,2024,6,3,33902.333333333336,76164.0,101707.0,0.0,0.0,2,0.0,0.0,3,1.2246467991473532e-16,-1.0,2,0,7,0,0,0,1,0,1.0,7.0,3.0,3.6666666666666665,2.0,11922.0,2.0
Isanpur,2024,7,2,85214.5,105422.0,170429.0,0.0,0.5,2,0.5,0.0,2,-0.4999999999999997,-0.8660254037844388,3,0,7,0,0,0,1,0,3.0,1.0,7.0,3.6666666666666665,-0.33333333333333337,101707.0,2.0
Isanpur,2024,8,2,191411.5,376684.0,382823.0,0.0,0.5,2,0.0,0.5,2,-0.8660254037844385,-0.5000000000000004,3,0,7,0,0,0,1,0,2.0,3.0,1.0,2.0,0.0,170429.0,2.0
Isanpur,2024,10,2,30828.0,44794.0,61656.0,0.5,0.0,1,0.0,0.5,2,-0.8660254037844386,0.5000000000000001,4,1,7,0,0,0,1,0,2.0,2.0,3.0,2.3333333333333335,0.0,382823.0,4.0
Isanpur,2024,12,4,42318.0,118031.0,169272.0,0.5,0.25,4,0.0,0.0,3,-2.4492935982947064e-16,1.0,4,1,7,0,0,0,1,0,2.0,2.0,2.0,2.0,1.0,61656.0,5.0
Isanpur,2025,1,5,120023.8,228281.0,600119.0,0.4,0.8,4,0.2,0.2,3,0.49999999999999994,0.8660254037844387,1,1,7,0,0,0,1,0,4.0,2.0,2.0,2.6666666666666665,0.25,169272.0,2.0
Isanpur,2025,2,2,102250.5,179160.0,204501.0,0.5,0.5,2,0.0,0.5,2,0.8660254037844386,0.5000000000000001,1,0,7,0,0,0,1,0,5.0,4.0,2.0,3.6666666666666665,-0.6,600119.0,2.0
Isanpur,2025,3,2,83267.5,125208.0,166535.0,0.0,0.5,2,0.0,1.0,2,1.0,6.123233995736766e-17,1,1,7,0,0,0,1,0,2.0,5.0,4.0,3.6666666666666665,0.0,204501.0,6.0
Isanpur,2025,4,6,144040.16666666666,603628.0,864241.0,0.0,0.16666666666666666,5,0.16666666666666666,0.3333333333333333,5,0.8660254037844387,-0.4999999999999998,2,0,7,0,0,0,1,0,2.0,2.0,5.0,3.0,2.0,166535.0,1.0
Isanpur,2025,5,1,0.0,0.0,0.0,0.0,0.0,1,0.0,0.0,1,0.49999999999999994,-0.8660254037844387,2,0,7,0,0,0,1,0,6.0,2.0,2.0,3.3333333333333335,-0.8333333333333334,864241.0,2.0
Isanpur,2025,6,2,41562.5,80865.0,83125.0,0.0,0.0,2,0.0,0.0,2,1.2246467991473532e-16,-1.0,2,0,7,0,0,0,1,0,1.0,6.0,2.0,3.0,1.0,0.0,1.0
Isanpur,2025,7,1,4319.0,4319.0,4319.0,0.0,0.0,1,0.0,1.0,1,-0.4999999999999997,-0.8660254037844388,3,0,7,0,0,0,1,0,2.0,1.0,6.0,3.0,-0.5,83125.0,1.0
Isanpur,2025,8,1,166032.0,166032.0,166032.0,0.0,1.0,1,0.0,0.0,1,-0.8660254037844385,-0.5000000000000004,3,0,7,0,0,0,1,0,1.0,2.0,1.0,1.3333333333333333,0.0,4319.0,2.0
Isanpur,2025,9,2,28827.0,57654.0,57654.0,0.0,0.0,2,0.0,0.0,2,-1.0,-1.8369701987210297e-16,3,1,7,0,0,0,1,0,1.0,1.0,2.0,1.3333333333333333,1.0,166032.0,1.0
Isanpur,2025,10,1,66686.0,66686.0,66686.0,0.0,0.0,1,0.0,0.0,1,-0.8660254037844386,0.5000000000000001,4,1,7,0,0,0,1,0,2.0,1.0,1.0,1.3333333333333333,-0.5,57654.0,4.0
Isanpur,2025,11,4,89418.0,175642.0,357672.0,0.25,0.5,3,0.25,0.5,3,-0.5000000000000004,0.8660254037844384,4,0,7,0,0,0,1,0,1.0,2.0,1.0,1.3333333333333333,3.0,66686.0,2.0
Maninagar,2023,1,1,0.0,0.0,0.0,0.0,0.0,1,0.0,0.0,1,0.49999999999999994,0.8660254037844387,1,1,8,0,0,0,1,0,2.3333333333333335,2.3076923076923075,2.32,2.271604938271605,0.3806878306878307,784523.8518518518,1.0
Maninagar,2023,2,1,0.0,0.0,0.0,0.0,0.0,1,0.0,1.0,1,0.8660254037844386,0.5000000000000001,1,0,8,0,0,0,1,0,1.0,2.3076923076923075,2.32,1.0,0.0,0.0,2.0
Maninagar,2023,3,2,7258.5,12274.0,14517.0,0.0,0.0,1,0.5,0.5,1,1.0,6.123233995736766e-17,1,1,8,0,0,0,1,0,1.0,1.0,2.32,1.0,1.0,0.0,4.0
Maninagar,2023,4,4,7552.0,24240.0,30208.0,0.0,0.0,4,0.0,0.0,3,0.8660254037844387,-0.4999999999999998,2,0,8,0,0,0,1,0,2.0,1.0,1.0,1.3333333333333333,1.0,14517.0,1.0
Maninagar,2023,6,1,0.0,0.0,0.0,0.0,0.0,1,0.0,0.0,1,1.2246467991473532e-16,-1.0,2,0,8,0,0,0,1,0,4.0,2.0,1.0,2.3333333333333335,-0.75,30208.0,1.0
Maninagar,2023,7,1,75497.0,75497.0,75497.0,1.0,0.0,1,0.0,0.0,1,-0.4999999999999997,-0.8660254037844388,3,0,8,0,0,0,1,0,1.0,4.0,2.0,2.3333333333333335,0.0,0.0,1.0
Maninagar,2023,8,1,56401.0,56401.0,56401.0,0.0,0.0,1,0.0,0.0,1,-0.8660254037844385,-0.5000000000000004,3,0,8,0,0,0,1,0,1.0,1.0,4.0,2.0,0.0,75497.0,1.0
Maninagar,2023,11,1,30684.0,30684.0,30684.0,0.0,0.0,1,0.0,0.0,1,-0.5000000000000004,0.8660254037844384,4,1,8,0,0,0,1,0,1.0,1.0,1.0,1.0,0.0,56401.0,3.0
Maninagar,2024,1,3,80820.33333333333,113621.0,242461.0,0.0,0.3333333333333333,3,0.0,0.0,3,0.49999999999999994,0.8660254037844387,1,1,8,0,0,0,1,0,1.0,1.0,1.0,1.0,2.0,30684.0,2.0
Maninagar,2024,2,2,1181635.0,2363270.0,2363270.0,0.0,0.5,2,0.0,0.0,2,0.8660254037844386,0.5000000000000001,1,0,8,0,0,0,1,0,3.0,1.0,1.0,1.6666666666666667,-0.33333333333333337,242461.0,1.0
Maninagar,2024,3,1,4357.0,4357.0,4357.0,0.0,0.0,1,0.0,0.0,1,1.0,6.123233995736766e-17,1,1,8,0,0,0,1,0,2.0,3.0,1.0,2.0,-0.5,2363270.0,2.0
Maninagar,2024,4,2,1132041.5,2194942.0,2264083.0,0.0,0.5,2,0.0,0.0,2,0.8660254037844387,-0.4999999999999998,2,0,8,0,0,0,1,0,1.0,2.0,3.0,2.0,1.0,4357.0,1.0
Maninagar,2024,5,1,24585.0,24585.0,24585.0,0.0,0.0,1,0.0,0.0,1,0.49999999999999994,-0.8660254037844387,2,0,8,0,0,0,1,0,2.0,1.0,2.0,1.6666666666666667,-0.5,2264083.0,4.0
Maninagar,2024,6,4,49331.5,89556.0,197326.0,0.25,0.0,4,0.25,0.25,4,1.2246467991473532e-16,-1.0,2,0,8,0,0,0,1,0,1.0,2.0,1.0,1.3333333333333333,3.0,24585.0,1.0
Maninagar,2024,10,1,3362550.0,3362550.0,3362550.0,0.0,1.0,1,0.0,1.0,1,-0.8660254037844386,0.5000000000000001,4,1,8,0,0,0,1,0,4.0,1.0,2.0,2.3333333333333335,-0.75,197326.0,1.0
Maninagar,2024,11,1,141943.0,141943.0,141943.0,0.0,1.0,1,0.0,0.0,1,-0.5000000000000004,0.8660254037844384,4,1,8,0,0,0,1,0,1.0,4.0,1.0,2.0,0.0,3362550.0,5.0
Maninagar,2024,12,5,73783.8,126882.0,368919.0,0.0,0.6,3,0.0,0.2,3,-2.4492935982947064e-16,1.0,4,1,8,0,0,0,1,0,1.0,1.0,4.0,2.0,4.0,141943.0,7.0
Maninagar,2025,1,7,100056.71428571429,470915.0,700397.0,0.2857142857142857,0.2857142857142857,4,0.0,0.2857142857142857,5,0.49999999999999994,0.8660254037844387,1,1,8,0,0,0,1,0,5.0,1.0,1.0,2.3333333333333335,0.3999999999999999,368919.0,3.0
Maninagar,2025,2,3,29668.333333333332,47635.0,89005.0,0.0,0.0,2,0.0,0.0,2,0.8660254037844386,0.5000000000000001,1,0,8,0,0,0,1,0,7.0,5.0,1.0,4.333333333333333,-0.5714285714285714,700397.0,3.0
Maninagar,2025,3,3,27865.0,64243.0,83595.0,0.3333333333333333,0.0,3,0.0,0.3333333333333333,3,1.0,6.123233995736766e-17,1,1,8,0,0,0,1,0,3.0,7.0,5.0,5.0,0.0,89005.0,4.0
Maninagar,2025,4,4,978419.5,3913678.0,3913678.0,0.0,0.25,4,0.0,0.25,2,0.8660254037844387,-0.4999999999999998,2,0,8,0,0,0,1,0,3.0,3.0,7.0,4.333333333333333,0.33333333333333326,83595.0,5.0
Maninagar,2025,5,5,602496.6,2251822.0,3012483.0,0.2,0.4,3,0.2,0.0,5,0.49999999999999994,-0.8660254037844387,2,0,8,0,0,0,1,0,4.0,3.0,3.0,3.3333333333333335,0.25,3913678.0,1.0
Maninagar,2025,6,1,0.0,0.0,0.0,0.0,0.0,1,0.0,0.0,1,1.2246467991473532e-16,-1.0,2,0,8,0,0,0,1,0,5.0,4.0,3.0,4.0,-0.8,3012483.0,1.0
Maninagar,2025,7,1,94975.0,94975.0,94975.0,0.0,0.0,1,1.0,0.0,1,-0.4999999999999997,-0.8660254037844388,3,0,8,0,0,0,1,0,1.0,5.0,4.0,3.3333333333333335,0.0,0.0,2.0
Maninagar,2025,8,2,93870.0,97240.0,187740.0,0.0,0.0,2,0.5,0.0,2,-0.8660254037844385,-0.5000000000000004,3,0,8,0,0,0,1,0,1.0,1.0,5.0,2.3333333333333335,1.0,94975.0,2.0
Maninagar,2025,9,2,8227.5,16455.0,16455.0,0.0,0.0,2,0.0,1.0,2,-1.0,-1.8369701987210297e-16,3,1,8,0,0,0,1,0,2.0,1.0,1.0,1.3333333333333333,0.0,187740.0,3.0
Maninagar,2025,10,3,1302338.3333333333,3887045.0,3907015.0,0.0,0.3333333333333333,3,0.0,0.3333333333333333,3,-0.8660254037844386,0.5000000000000001,4,1,8,0,0,0,1,0,2.0,2.0,1.0,1.6666666666666667,0.5,16455.0,3.0
Maninagar,2025,11,3,62273.333333333336,116729.0,186820.0,0.3333333333333333,0.3333333333333333,3,0.3333333333333333,0.3333333333333333,3,-0.5000000000000004,0.8660254037844384,4,0,8,0,0,0,1,0,3.0,2.0,2.0,2.3333333333333335,0.0,3907015.0,2.0
Naroda,2023,1,5,104038.6,339548.0,520193.0,0.4,0.2,5,0.0,0.2,4,0.49999999999999994,0.8660254037844387,1,1,9,0,1,0,0,0,2.7333333333333334,2.7586206896551726,2.7857142857142856,2.838888888888889,0.35222222222222216,1191265.1,6.0
Naroda,2023,3,6,446501.1666666667,1847777.0,2679007.0,0.16666666666666666,0.5,4,0.0,0.8333333333333334,4,1.0,6.123233995736766e-17,1,1,9,0,1,0,0,0,5.0,2.7586206896551726,2.7857142857142856,5.0,0.19999999999999996,520193.0,4.0
Naroda,2023,4,4,127935.25,377902.0,511741.0,0.25,0.5,3,0.5,0.25,4,0.8660254037844387,-0.4999999999999998,2,0,9,0,1,0,0,0,6.0,5.0,2.7857142857142856,5.5,-0.33333333333333337,2679007.0,6.0
Naroda,2023,5,6,394556.3333333333,1563265.0,2367338.0,0.0,0.3333333333333333,4,0.0,0.16666666666666666,5,0.49999999999999994,-0.8660254037844387,2,0,9,0,1,0,0,0,4.0,6.0,5.0,5.0,0.5,511741.0,1.0
Naroda,2023,6,1,11201.0,11201.0,11201.0,0.0,0.0,1,1.0,0.0,1,1.2246467991473532e-16,-1.0,2,0,9,0,1,0,0,0,6.0,4.0,6.0,5.333333333333333,-0.8333333333333334,2367338.0,2.0
Naroda,2023,8,2,71899.0,131936.0,143798.0,0.0,0.5,2,0.0,0.0,1,-0.8660254037844385,-0.5000000000000004,3,0,9,0,1,0,0,0,1.0,6.0,4.0,3.6666666666666665,1.0,11201.0,1.0
Naroda,2023,10,1,3356.0,3356.0,3356.0,0.0,0.0,1,0.0,0.0,1,-0.8660254037844386,0.5000000000000001,4,1,9,0,1,0,0,0,2.0,1.0,6.0,3.0,-0.5,143798.0,2.0
Naroda,2023,11,2,175829.5,351659.0,351659.0,0.0,0.5,2,0.5,0.0,2,-0.5000000000000004,0.8660254037844384,4,1,9,0,1,0,0,0,1.0,2.0,1.0,1.3333333333333333,1.0,3356.0,1.0
Naroda,2023,12,1,842685.0,842685.0,842685.0,0.0,1.0,1,1.0,1.0,1,-2.4492935982947064e-16,1.0,4,1,9,0,1,0,0,0,2.0,1.0,2.0,1.6666666666666667,-0.5,351659.0,3.0
Naroda,2024,1,3,49797.0,99463.0,149391.0,0.3333333333333333,0.0,3,0.0,0.0,3,0.49999999999999994,0.8660254037844387,1,1,9,0,1,0,0,0,1.0,2.0,1.0,1.3333333333333333,2.0,842685.0,4.0
Naroda,2024,2,4,800212.0,2986302.0,3200848.0,0.0,0.5,4,0.0,0.0,4,0.8660254037844386,0.5000000000000001,1,0,9,0,1,0,0,0,3.0,1.0,2.0,2.0,0.33333333333333326,149391.0,2.0
Naroda,2024,3,2,1314315.0,2254534.0,2628630.0,0.0,1.0,2,0.5,0.0,2,1.0,6.123233995736766e-17,1,1,9,0,1,0,0,0,4.0,3.0,1.0,2.6666666666666665,-0.5,3200848.0,1.0
Naroda,2024,4,1,24244.0,24244.0,24244.0,0.0,0.0,1,0.0,0.0,1,0.8660254037844387,-0.4999999999999998,2,0,9,0,1,0,0,0,2.0,4.0,3.0,3.0,-0.5,2628630.0,4.0
Naroda,2024,5,4,636602.25,2315278.0,2546409.0,0.0,0.5,3,0.25,0.5,3,0.49999999999999994,-0.8660254037844387,2,0,9,0,1,0,0,0,1.0,2.0,4.0,2.3333333333333335,3.0,24244.0,1.0
Naroda,2024,6,1,10104.0,10104.0,10104.0,0.0,0.0,1,1.0,1.0,1,1.2246467991473532e-16,-1.0,2,0,9,0,1,0,0,0,4.0,1.0,2.0,2.3333333333333335,-0.75,2546409.0,3.0
Naroda,2024,7,3,69080.0,108531.0,207240.0,0.0,0.3333333333333333,3,0.0,0.3333333333333333,2,-0.4999999999999997,-0.8660254037844388,3,0,9,0,1,0,0,0,1.0,4.0,1.0,2.0,2.0,10104.0,1.0
Naroda,2024,9,1,12058.0,12058.0,12058.0,0.0,0.0,1,0.0,0.0,1,-1.0,-1.8369701987210297e-16,3,0,9,0,1,0,0,0,3.0,1.0,4.0,2.6666666666666665,-0.6666666666666667,207240.0,3.0
Naroda,2024,10,3,1701421.0,2994663.0,5104263.0,0.0,1.0,3,0.3333333333333333,0.0,1,-0.8660254037844386,0.5000000000000001,4,1,9,0,1,0,0,0,1.0,3.0,1.0,1.6666666666666667,2.0,12058.0,2.0
Naroda,2024,11,2,94232.5,172864.0,188465.0,0.5,0.5,2,0.0,0.0,2,-0.5000000000000004,0.8660254037844384,4,1,9,0,1,0,0,0,3.0,1.0,3.0,2.3333333333333335,-0.33333333333333337,5104263.0,1.0
Naroda,2024,12,1,18085.0,18085.0,18085.0,0.0,0.0,1,0.0,1.0,1,-2.4492935982947064e-16,1.0,4,1,9,0,1,0,0,0,2.0,3.0,1.0,2.0,-0.5,188465.0,3.0
Naroda,2025,1,3,36134.0,106230.0,108402.0,0.0,0.3333333333333333,3,0.3333333333333333,0.3333333333333333,3,0.49999999999999994,0.8660254037844387,1,1,9,0,1,0,0,0,1.0,2.0,3.0,2.0,2.0,18085.0,4.0
Naroda,2025,2,4,871372.0,3063175.0,3485488.0,0.0,0.5,3,0.0,0.25,4,0.8660254037844386,0.5000000000000001,1,0,9,0,1,0,0,0,3.0,1.0,2.0,2.0,0.33333333333333326,108402.0,4.0
Naroda,2025,3,4,1579122.75,4186987.0,6316491.0,0.0,0.75,3,0.0,0.25,3,1.0,6.123233995736766e-17,1,1,9,0,1,0,0,0,4.0,3.0,1.0,2.6666666666666665,0.0,3485488.0,3.0
Naroda,2025,4,3,38210.666666666664,92575.0,114632.0,0.0,0.0,3,0.0,0.0,3,0.8660254037844387,-0.4999999999999998,2,0,9,0,1,0,0,0,4.0,4.0,3.0,3.6666666666666665,-0.25,6316491.0,3.0
Naroda,2025,5,3,62706.666666666664,95169.0,188120.0,0.0,0.0,2,0.0,0.0,3,0.49999999999999994,-0.8660254037844387,2,0,9,0,1,0,0,0,3.0,4.0,4.0,3.6666666666666665,0.0,114632.0,5.0
Naroda,2025,6,5,88951.8,229297.0,444759.0,0.2,0.4,3,0.0,0.2,5,1.2246467991473532e-16,-1.0,2,0,9,0,1,0,0,0,3.0,3.0,4.0,3.3333333333333335,0.6666666666666667,188120.0,1.0
Naroda,2025,7,1,65776.0,65776.0,65776.0,0.0,0.0,1,0.0,0.0,1,-0.4999999999999997,-0.8660254037844388,3,0,9,0,1,0,0,0,5.0,3.0,3.0,3.6666666666666665,-0.8,444759.0,2.0
Naroda,2025,8,2,524499.0,955070.0,1048998.0,0.0,0.5,1,0.0,0.0,2,-0.8660254037844385,-0.5000000000000004,3,0,9,0,1,0,0,0,1.0,5.0,3.0,3.0,1.0,65776.0,2.0
Naroda,2025,9,2,129345.0,141529.0,258690.0,0.0,1.0,2,0.5,1.0,2,-1.0,-1.8369701987210297e-16,3,1,9,0,1,0,0,0,2.0,1.0,5.0,2.6666666666666665,0.0,1048998.0,2.0
Naroda,2025,10,2,1092941.0,2068213.0,2185882.0,0.0,1.0,2,0.0,0.5,2,-0.8660254037844386,0.5000000000000001,4,1,9,0,1,0,0,0,2.0,2.0,1.0,1.6666666666666667,0.0,258690.0,4.0
Naroda,2025,11,4,356804.5,1279074.0,1427218.0,0.0,0.5,3,0.0,0.0,4,-0.5000000000000004,0.8660254037844384,4,0,9,0,1,0,0,0,2.0,2.0,2.0,2.0,1.0,2185882.0,1.0
Narol,2023,1,1,28336.0,28336.0,28336.0,0.0,0.0,1,0.0,1.0,1,0.49999999999999994,0.8660254037844387,1,1,5,0,0,0,1,0,1.6363636363636365,1.6666666666666667,1.7,1.6363636363636367,0.25757575757575757,431205.63636363635,1.0
Narol,2023,3,1,40694.0,40694.0,40694.0,0.0,0.0,1,0.0,0.0,1,1.0,6.123233995736766e-17,1,1,5,0,0,0,1,0,1.0,1.6666666666666667,1.7,1.0,0.0,28336.0,1.0
Narol,2023,4,1,48976.0,48976.0,48976.0,0.0,0.0,1,0.0,0.0,1,0.8660254037844387,-0.4999999999999998,2,0,5,0,0,0,1,0,1.0,1.0,1.7,1.0,0.0,40694.0,1.0
Narol,2023,5,1,289496.0,289496.0,289496.0,0.0,1.0,1,0.0,1.0,1,0.49999999999999994,-0.8660254037844387,2,0,5,0,0,0,1,0,1.0,1.0,1.0,1.0,0.0,48976.0,1.0
Narol,2023,9,1,916485.0,916485.0,916485.0,0.0,1.0,1,0.0,0.0,1,-1.0,-1.8369701987210297e-16,3,0,5,0,0,0,1,0,1.0,1.0,1.0,1.0,0.0,289496.0,2.0
Narol,2023,10,2,59138.5,88498.0,118277.0,0.0,0.0,2,0.0,0.0,2,-0.8660254037844386,0.5000000000000001,4,1,5,0,0,0,1,0,1.0,1.0,1.0,1.0,1.0,916485.0,1.0
Narol,2023,12,1,7523.0,7523.0,7523.0,0.0,0.0,1,0.0,0.0,1,-2.4492935982947064e-16,1.0,4,1,5,0,0,0,1,0,2.0,1.0,1.0,1.3333333333333333,-0.5,118277.0,2.0
Narol,2024,1,2,45348.0,46952.0,90696.0,0.0,0.0,2,0.0,0.0,2,0.49999999999999994,0.8660254037844387,1,1,5,0,0,0,1,0,1.0,2.0,1.0,1.3333333333333333,1.0,7523.0,1.0
Narol,2024,2,1,184696.0,184696.0,184696.0,0.0,1.0,1,0.0,0.0,1,0.8660254037844386,0.5000000000000001,1,0,5,0,0,0,1,0,2.0,1.0,2.0,1.6666666666666667,-0.5,90696.0,4.0
Narol,2024,5,4,45672.75,97334.0,182691.0,0.25,0.0,4,0.0,0.25,3,0.49999999999999994,-0.8660254037844387,2,0,5,0,0,0,1,0,1.0,2.0,1.0,1.3333333333333333,3.0,184696.0,2.0
Narol,2024,6,2,31812.5,63625.0,63625.0,0.0,0.0,2,0.0,0.5,2,1.2246467991473532e-16,-1.0,2,0,5,0,0,0,1,0,4.0,1.0,2.0,2.3333333333333335,-0.5,182691.0,2.0
Narol,2024,8,2,23865.0,37056.0,47730.0,0.0,0.0,2,0.0,0.5,2,-0.8660254037844385,-0.5000000000000004,3,0,5,0,0,0,1,0,2.0,4.0,1.0,2.3333333333333335,0.0,63625.0,2.0
Narol,2024,9,2,851553.0,1703106.0,1703106.0,0.0,0.5,2,0.0,0.5,2,-1.0,-1.8369701987210297e-16,3,0,5,0,0,0,1,0,2.0,2.0,4.0,2.6666666666666665,0.0,47730.0,1.0
Narol,2024,10,1,0.0,0.0,0.0,0.0,0.0,1,0.0,0.0,1,-0.8660254037844386,0.5000000000000001,4,1,5,0,0,0,1,0,2.0,2.0,2.0,2.0,-0.5,1703106.0,3.0
Narol,2024,12,3,265734.0,744231.0,797202.0,0.3333333333333333,0.3333333333333333,3,0.3333333333333333,0.6666666666666666,3,-2.4492935982947064e-16,1.0,4,1,5,0,0,0,1,0,1.0,2.0,2.0,1.6666666666666667,2.0,0.0,1.0
Narol,2025,2,1,14939.0,14939.0,14939.0,0.0,0.0,1,0.0,0.0,1,0.8660254037844386,0.5000000000000001,1,0,5,0,0,0,1,0,3.0,1.0,2.0,2.0,-0.6666666666666667,797202.0,2.0
Narol,2025,5,2,121941.0,137541.0,243882.0,0.5,1.0,2,0.0,0.0,2,0.49999999999999994,-0.8660254037844387,2,0,5,0,0,0,1,0,1.0,3.0,1.0,1.6666666666666667,1.0,14939.0,3.0
Narol,2025,6,3,1254944.0,3632989.0,3764832.0,0.0,0.6666666666666666,3,0.3333333333333333,0.0,3,1.2246467991473532e-16,-1.0,2,0,5,0,0,0,1,0,2.0,1.0,3.0,2.0,0.5,243882.0,1.0
Narol,2025,7,1,14223.0,14223.0,14223.0,0.0,0.0,1,0.0,0.0,1,-0.4999999999999997,-0.8660254037844388,3,0,5,0,0,0,1,0,3.0,2.0,1.0,2.0,-0.6666666666666667,3764832.0,2.0
Narol,2025,8,2,328751.0,541705.0,657502.0,0.0,1.0,2,0.5,0.5,2,-0.8660254037844385,-0.5000000000000004,3,0,5,0,0,0,1,0,1.0,3.0,2.0,2.0,1.0,14223.0,1.0
Narol,2025,9,1,106326.0,106326.0,106326.0,1.0,1.0,1,0.0,0.0,1,-1.0,-1.8369701987210297e-16,3,1,5,0,0,0,1,0,2.0,1.0,3.0,2.0,-0.5,657502.0,1.0
Narol,2025,10,1,165287.0,165287.0,165287.0,0.0,1.0,1,0.0,0.0,1,-0.8660254037844386,0.5000000000000001,4,1,5,0,0,0,1,0,1.0,2.0,1.0,1.3333333333333333,0.0,106326.0,1.0
Narol,2025,11,1,31755.0,31755.0,31755.0,0.0,0.0,1,0.0,0.0,1,-0.5000000000000004,0.8660254037844384,4,0,5,0,0,0,1,0,1.0,1.0,2.0,1.3333333333333333,0.0,165287.0,1.0
Navrangpura,2023,1,1,7924.0,7924.0,7924.0,0.0,0.0,1,0.0,0.0,1,0.49999999999999994,0.8660254037844387,1,1,4,1,0,0,0,0,1.5,1.5217391304347827,1.5,1.4861111111111114,0.125,598983.7083333334,1.0
Navrangpura,2023,3,1,59781.0,59781.0,59781.0,0.0,0.0,1,0.0,0.0,1,1.0,6.123233995736766e-17,1,1,4,1,0,0,0,0,1.0,1.5217391304347827,1.5,1.0,0.0,7924.0,1.0
Navrangpura,2023,4,1,147112.0,147112.0,147112.0,0.0,1.0,1,0.0,1.0,1,0.8660254037844387,-0.4999999999999998,2,0,4,1,0,0,0,0,1.0,1.0,1.5,1.0,0.0,59781.0,2.0
Navrangpura,2023,5,2,1067567.0,2133262.0,2135134.0,0.0,0.5,2,0.5,0.5,2,0.49999999999999994,-0.8660254037844387,2,0,4,1,0,0,0,0,1.0,1.0,1.0,1.0,1.0,147112.0,1.0
Navrangpura,2023,7,1,745868.0,745868.0,745868.0,0.0,1.0,1,0.0,0.0,1,-0.4999999999999997,-0.8660254037844388,3,0,4,1,0,0,0,0,2.0,1.0,1.0,1.3333333333333333,-0.5,2135134.0,1.0
Navrangpura,2023,8,1,0.0,0.0,0.0,0.0,0.0,1,0.0,1.0,1,-0.8660254037844385,-0.5000000000000004,3,0,4,1,0,0,0,0,1.0,2.0,1.0,1.3333333333333333,0.0,745868.0,1.0
Navrangpura,2023,10,1,2443766.0,2443766.0,2443766.0,0.0,1.0,1,0.0,0.0,1,-0.8660254037844386,0.5000000000000001,4,1,4,1,0,0,0,0,1.0,1.0,2.0,1.3333333333333333,0.0,0.0,1.0
Navrangpura,2023,11,1,35983.0,35983.0,35983.0,0.0,0.0,1,1.0,0.0,1,-0.5000000000000004,0.8660254037844384,4,1,4,1,0,0,0,0,1.0,1.0,1.0,1.0,0.0,2443766.0,2.0
Navrangpura,2024,1,2,388259.0,683036.0,776518.0,0.0,0.5,2,0.5,0.0,2,0.49999999999999994,0.8660254037844387,1,1,4,1,0,0,0,0,1.0,1.0,1.0,1.0,1.0,35983.0,2.0
Navrangpura,2024,2,2,724916.0,1444236.0,1449832.0,0.0,0.5,2,0.5,1.0,2,0.8660254037844386,0.5000000000000001,1,0,4,1,0,0,0,0,2.0,1.0,1.0,1.3333333333333333,0.0,776518.0,1.0
Navrangpura,2024,3,1,30714.0,30714.0,30714.0,1.0,0.0,1,0.0,1.0,1,1.0,6.123233995736766e-17,1,1,4,1,0,0,0,0,2.0,2.0,1.0,1.6666666666666667,-0.5,1449832.0,2.0
Navrangpura,2024,4,2,49242.5,60364.0,98485.0,0.5,0.0,2,0.0,0.5,2,0.8660254037844387,-0.4999999999999998,2,0,4,1,0,0,0,0,1.0,2.0,2.0,1.6666666666666667,1.0,30714.0,1.0
Navrangpura,2024,6,1,2717738.0,2717738.0,2717738.0,0.0,1.0,1,0.0,0.0,1,1.2246467991473532e-16,-1.0,2,0,4,1,0,0,0,0,2.0,1.0,2.0,1.6666666666666667,-0.5,98485.0,1.0
Navrangpura,2024,9,1,12613.0,12613.0,12613.0,0.0,0.0,1,0.0,0.0,1,-1.0,-1.8369701987210297e-16,3,0,4,1,0,0,0,0,1.0,2.0,1.0,1.3333333333333333,0.0,2717738.0,2.0
Navrangpura,2024,12,2,331651.0,636069.0,663302.0,0.0,0.5,2,0.5,0.0,2,-2.4492935982947064e-16,1.0,4,1,4,1,0,0,0,0,1.0,1.0,2.0,1.3333333333333333,1.0,12613.0,4.0
Navrangpura,2025,1,4,203283.25,670809.0,813133.0,0.0,0.5,4,0.0,0.75,3,0.49999999999999994,0.8660254037844387,1,1,4,1,0,0,0,0,2.0,1.0,1.0,1.3333333333333333,1.0,663302.0,2.0
Navrangpura,2025,2,2,226949.0,372204.0,453898.0,0.0,0.5,2,0.0,1.0,2,0.8660254037844386,0.5000000000000001,1,0,4,1,0,0,0,0,4.0,2.0,1.0,2.3333333333333335,-0.5,813133.0,2.0
Navrangpura,2025,3,2,170772.0,178040.0,341544.0,0.0,1.0,2,0.0,0.0,2,1.0,6.123233995736766e-17,1,1,4,1,0,0,0,0,2.0,4.0,2.0,2.6666666666666665,0.0,453898.0,2.0
Navrangpura,2025,4,2,28612.5,39764.0,57225.0,0.0,0.0,2,0.0,0.0,2,0.8660254037844387,-0.4999999999999998,2,0,4,1,0,0,0,0,2.0,2.0,4.0,2.6666666666666665,0.0,341544.0,1.0
Navrangpura,2025,5,1,107765.0,107765.0,107765.0,1.0,1.0,1,0.0,0.0,1,0.49999999999999994,-0.8660254037844387,2,0,4,1,0,0,0,0,2.0,2.0,2.0,2.0,-0.5,57225.0,1.0
Navrangpura,2025,6,1,122981.0,122981.0,122981.0,0.0,1.0,1,0.0,0.0,1,1.2246467991473532e-16,-1.0,2,0,4,1,0,0,0,0,1.0,2.0,2.0,1.6666666666666667,0.0,107765.0,1.0
Navrangpura,2025,7,1,186977.0,186977.0,186977.0,0.0,1.0,1,0.0,1.0,1,-0.4999999999999997,-0.8660254037844388,3,0,4,1,0,0,0,0,1.0,1.0,2.0,1.3333333333333333,0.0,122981.0,2.0
Navrangpura,2025,8,2,440332.0,645773.0,880664.0,0.0,1.0,2,0.5,0.0,2,-0.8660254037844385,-0.5000000000000004,3,0,4,1,0,0,0,0,1.0,1.0,1.0,1.0,1.0,186977.0,1.0
Navrangpura,2025,9,1,86652.0,86652.0,86652.0,0.0,0.0,1,0.0,0.0,1,-1.0,-1.8369701987210297e-16,3,1,4,1,0,0,0,0,2.0,1.0,1.0,1.3333333333333333,-0.5,880664.0,1.0
Navrangpura,2025,10,1,121763.0,121763.0,121763.0,1.0,1.0,1,0.0,0.0,1,-0.8660254037844386,0.5000000000000001,4,1,4,1,0,0,0,0,1.0,2.0,1.0,1.3333333333333333,0.0,86652.0,1.0
Nikol,2023,1,1,14992.0,14992.0,14992.0,0.0,0.0,1,0.0,1.0,1,0.49999999999999994,0.8660254037844387,1,1,7,0,1,0,0,0,1.7083333333333333,1.7391304347826086,1.7727272727272727,1.7083333333333337,0.4041666666666666,343691.75,1.0
Nikol,2023,2,1,0.0,0.0,0.0,0.0,0.0,1,0.0,1.0,1,0.8660254037844386,0.5000000000000001,1,0,7,0,1,0,0,0,1.0,1.7391304347826086,1.7727272727272727,1.0,0.0,14992.0,5.0
Nikol,2023,3,5,49164.2,131162.0,245821.0,0.0,0.2,4,0.0,0.0,4,1.0,6.123233995736766e-17,1,1,7,0,1,0,0,0,1.0,1.0,1.7727272727272727,1.0,4.0,0.0,1.0
Nikol,2023,4,1,7729.0,7729.0,7729.0,0.0,0.0,1,0.0,1.0,1,0.8660254037844387,-0.4999999999999998,2,0,7,0,1,0,0,0,5.0,1.0,1.0,2.3333333333333335,-0.8,245821.0,1.0
Nikol,2023,5,1,16426.0,16426.0,16426.0,0.0,0.0,1,0.0,0.0,1,0.49999999999999994,-0.8660254037844387,2,0,7,0,1,0,0,0,1.0,5.0,1.0,2.3333333333333335,0.0,7729.0,2.0
Nikol,2023,6,2,137335.0,274670.0,274670.0,0.0,0.5,2,0.5,0.0,2,1.2246467991473532e-16,-1.0,2,0,7,0,1,0,0,0,1.0,1.0,5.0,2.3333333333333335,1.0,16426.0,1.0
Nikol,2023,8,1,27761.0,27761.0,27761.0,0.0,0.0,1,0.0,1.0,1,-0.8660254037844385,-0.5000000000000004,3,0,7,0,1,0,0,0,2.0,1.0,1.0,1.3333333333333333,-0.5,274670.0,1.0
Nikol,2023,9,1,39691.0,39691.0,39691.0,0.0,0.0,1,0.0,0.0,1,-1.0,-1.8369701987210297e-16,3,0,7,0,1,0,0,0,1.0,2.0,1.0,1.3333333333333333,0.0,27761.0,1.0
Nikol,2023,12,1,12726.0,12726.0,12726.0,1.0,0.0,1,0.0,0.0,1,-2.4492935982947064e-16,1.0,4,1,7,0,1,0,0,0,1.0,1.0,2.0,1.3333333333333333,0.0,39691.0,1.0
Nikol,2024,2,1,132165.0,132165.0,132165.0,0.0,1.0,1,0.0,1.0,1,0.8660254037844386,0.5000000000000001,1,0,7,0,1,0,0,0,1.0,1.0,1.0,1.0,0.0,12726.0,1.0
Nikol,2024,3,1,2073291.0,2073291.0,2073291.0,0.0,1.0,1,0.0,0.0,1,1.0,6.123233995736766e-17,1,1,7,0,1,0,0,0,1.0,1.0,1.0,1.0,0.0,132165.0,1.0
Nikol,2024,4,1,34715.0,34715.0,34715.0,1.0,0.0,1,0.0,1.0,1,0.8660254037844387,-0.4999999999999998,2,0,7,0,1,0,0,0,1.0,1.0,1.0,1.0,0.0,2073291.0,1.0
Nikol,2024,6,1,2498696.0,2498696.0,2498696.0,0.0,1.0,1,0.0,0.0,1,1.2246467991473532e-16,-1.0,2,0,7,0,1,0,0,0,1.0,1.0,1.0,1.0,0.0,34715.0,1.0
Nikol,2024,7,1,174871.0,174871.0,174871.0,0.0,1.0,1,1.0,0.0,1,-0.4999999999999997,-0.8660254037844388,3,0,7,0,1,0,0,0,1.0,1.0,1.0,1.0,0.0,2498696.0,3.0
Nikol,2024,9,3,34431.0,99714.0,103293.0,0.0,0.0,3,0.3333333333333333,0.3333333333333333,3,-1.0,-1.8369701987210297e-16,3,0,7,0,1,0,0,0,1.0,1.0,1.0,1.0,2.0,174871.0,1.0
Nikol,2024,11,1,52726.0,52726.0,52726.0,0.0,0.0,1,0.0,1.0,1,-0.5000000000000004,0.8660254037844384,4,1,7,0,1,0,0,0,3.0,1.0,1.0,1.6666666666666667,-0.6666666666666667,103293.0,1.0
Nikol,2024,12,1,373272.0,373272.0,373272.0,0.0,1.0,1,0.0,1.0,1,-2.4492935982947064e-16,1.0,4,1,7,0,1,0,0,0,1.0,3.0,1.0,1.6666666666666667,0.0,52726.0,3.0
Nikol,2025,1,3,117474.33333333333,180678.0,352423.0,0.6666666666666666,0.6666666666666666,3,0.0,0.0,2,0.49999999999999994,0.8660254037844387,1,1,7,0,1,0,0,0,1.0,1.0,3.0,1.6666666666666667,2.0,373272.0,2.0
Nikol,2025,2,2,276863.0,525783.0,553726.0,0.0,0.5,1,0.5,0.0,2,0.8660254037844386,0.5000000000000001,1,0,7,0,1,0,0,0,3.0,1.0,1.0,1.6666666666666667,-0.33333333333333337,352423.0,4.0
Nikol,2025,3,4,88770.25,127128.0,355081.0,0.5,0.5,4,0.0,0.25,3,1.0,6.123233995736766e-17,1,1,7,0,1,0,0,0,2.0,3.0,1.0,2.0,1.0,553726.0,4.0
Nikol,2025,4,4,69627.5,82793.0,278510.0,0.5,0.0,4,0.0,0.25,3,0.8660254037844387,-0.4999999999999998,2,0,7,0,1,0,0,0,4.0,2.0,3.0,3.0,0.0,355081.0,2.0
Nikol,2025,5,2,26124.0,52248.0,52248.0,0.5,0.0,2,0.0,0.5,2,0.49999999999999994,-0.8660254037844387,2,0,7,0,1,0,0,0,4.0,4.0,2.0,3.3333333333333335,-0.5,278510.0,1.0
Nikol,2025,6,1,555518.0,555518.0,555518.0,0.0,1.0,1,0.0,0.0,1,1.2246467991473532e-16,-1.0,2,0,7,0,1,0,0,0,2.0,4.0,4.0,3.3333333333333335,-0.5,52248.0,1.0
Nikol,2025,8,1,18251.0,18251.0,18251.0,0.0,0.0,1,0.0,0.0,1,-0.8660254037844385,-0.5000000000000004,3,0,7,0,1,0,0,0,1.0,2.0,4.0,2.3333333333333335,0.0,555518.0,4.0
Nikol,2025,11,4,418406.0,1578539.0,1673624.0,0.25,0.25,2,0.0,0.0,4,-0.5000000000000004,0.8660254037844384,4,0,7,0,1,0,0,0,1.0,1.0,2.0,1.3333333333333333,3.0,18251.0,3.0
Paldi,2023,1,2,46124.5,82806.0,92249.0,0.0,0.0,2,0.5,0.5,2,0.49999999999999994,0.8660254037844387,1,1,5,0,0,0,1,0,1.7777777777777777,1.8235294117647058,1.625,1.7500000000000002,0.31666666666666665,483577.3888888889,1.0
Paldi,2023,2,1,2840808.0,2840808.0,2840808.0,0.0,1.0,1,0.0,0.0,1,0.8660254037844386,0.5000000000000001,1,0,5,0,0,0,1,0,2.0,1.8235294117647058,1.625,2.0,-0.5,92249.0,1.0
Paldi,2023,3,1,8691.0,8691.0,8691.0,0.0,0.0,1,0.0,1.0,1,1.0,6.123233995736766e-17,1,1,5,0,0,0,1,0,1.0,2.0,1.625,1.5,0.0,2840808.0,2.0
Paldi,2023,5,2,50350.0,73703.0,100700.0,0.0,0.0,1,0.5,0.5,2,0.49999999999999994,-0.8660254037844387,2,0,5,0,0,0,1,0,1.0,1.0,2.0,1.3333333333333333,1.0,8691.0,2.0
Paldi,2023,10,2,11807.0,13241.0,23614.0,0.0,0.0,1,0.0,0.0,1,-0.8660254037844386,0.5000000000000001,4,1,5,0,0,0,1,0,2.0,1.0,1.0,1.3333333333333333,0.0,100700.0,1.0
Paldi,2023,11,1,382199.0,382199.0,382199.0,0.0,1.0,1,1.0,0.0,1,-0.5000000000000004,0.8660254037844384,4,1,5,0,0,0,1,0,2.0,2.0,1.0,1.6666666666666667,-0.5,23614.0,1.0
Paldi,2023,12,1,66517.0,66517.0,66517.0,0.0,0.0,1,0.0,0.0,1,-2.4492935982947064e-16,1.0,4,1,5,0,0,0,1,0,1.0,2.0,2.0,1.6666666666666667,0.0,382199.0,1.0
Paldi,2024,1,1,13786.0,13786.0,13786.0,0.0,0.0,1,0.0,0.0,1,0.49999999999999994,0.8660254037844387,1,1,5,0,0,0,1,0,1.0,1.0,2.0,1.3333333333333333,0.0,66517.0,1.0
Paldi,2024,2,1,26484.0,26484.0,26484.0,0.0,0.0,1,1.0,0.0,1,0.8660254037844386,0.5000000000000001,1,0,5,0,0,0,1,0,1.0,1.0,1.0,1.0,0.0,13786.0,3.0
Paldi,2024,4,3,884186.6666666666,2560215.0,2652560.0,0.3333333333333333,0.3333333333333333,3,0.0,0.0,3,0.8660254037844387,-0.4999999999999998,2,0,5,0,0,0,1,0,1.0,1.0,1.0,1.0,2.0,26484.0,1.0
Paldi,2024,5,1,433026.0,433026.0,433026.0,0.0,1.0,1,0.0,1.0,1,0.49999999999999994,-0.8660254037844387,2,0,5,0,0,0,1,0,3.0,1.0,1.0,1.6666666666666667,-0.6666666666666667,2652560.0,3.0
Paldi,2024,6,3,64627.0,100500.0,193881.0,0.3333333333333333,0.3333333333333333,2,0.3333333333333333,0.6666666666666666,3,1.2246467991473532e-16,-1.0,2,0,5,0,0,0,1,0,1.0,3.0,1.0,1.6666666666666667,2.0,433026.0,1.0
Paldi,2024,10,1,82474.0,82474.0,82474.0,1.0,0.0,1,0.0,1.0,1,-0.8660254037844386,0.5000000000000001,4,1,5,0,0,0,1,0,3.0,1.0,3.0,2.3333333333333335,-0.6666666666666667,193881.0,3.0
Paldi,2024,11,3,111278.33333333333,286951.0,333835.0,0.0,0.3333333333333333,2,0.0,0.0,2,-0.5000000000000004,0.8660254037844384,4,1,5,0,0,0,1,0,1.0,3.0,1.0,1.6666666666666667,2.0,82474.0,1.0
Paldi,2025,2,1,55255.0,55255.0,55255.0,0.0,0.0,1,0.0,0.0,1,0.8660254037844386,0.5000000000000001,1,0,5,0,0,0,1,0,3.0,1.0,3.0,2.3333333333333335,-0.6666666666666667,333835.0,2.0
Paldi,2025,4,2,27483.5,30714.0,54967.0,0.0,0.0,2,0.0,0.5,2,0.8660254037844387,-0.4999999999999998,2,0,5,0,0,0,1,0,1.0,3.0,1.0,1.6666666666666667,1.0,55255.0,5.0
Paldi,2025,5,5,250345.4,936186.0,1251727.0,0.0,0.6,4,0.2,0.2,4,0.49999999999999994,-0.8660254037844387,2,0,5,0,0,0,1,0,2.0,1.0,3.0,2.0,1.5,54967.0,1.0
Paldi,2025,6,1,91620.0,91620.0,91620.0,0.0,0.0,1,0.0,0.0,1,1.2246467991473532e-16,-1.0,2,0,5,0,0,0,1,0,5.0,2.0,1.0,2.6666666666666665,-0.8,1251727.0,1.0
Paldi,2025,7,1,81778.0,81778.0,81778.0,0.0,0.0,1,0.0,0.0,1,-0.4999999999999997,-0.8660254037844388,3,0,5,0,0,0,1,0,1.0,5.0,2.0,2.6666666666666665,0.0,91620.0,1.0
Prahlad Nagar,2023,2,2,1055886.5,2096537.0,2111773.0,0.0,0.5,2,0.5,0.5,2,0.8660254037844386,0.5000000000000001,1,0,2,0,0,0,0,1,1.5833333333333333,1.6363636363636365,1.7,1.6527777777777777,0.2083333333333333,715893.75,1.0
Prahlad Nagar,2023,3,1,61133.0,61133.0,61133.0,0.0,0.0,1,0.0,0.0,1,1.0,6.123233995736766e-17,1,1,2,0,0,0,0,1,2.0,1.6363636363636365,1.7,2.0,-0.5,2111773.0,1.0
Prahlad Nagar,2023,4,1,0.0,0.0,0.0,0.0,0.0,1,0.0,1.0,1,0.8660254037844387,-0.4999999999999998,2,0,2,0,0,0,0,1,1.0,2.0,1.7,1.5,0.0,61133.0,3.0
Prahlad Nagar,2023,8,3,973998.3333333334,2090380.0,2921995.0,0.0,0.6666666666666666,3,0.0,0.0,2,-0.8660254037844385,-0.5000000000000004,3,0,2,0,0,0,0,1,1.0,1.0,2.0,1.3333333333333333,2.0,0.0,1.0
Prahlad Nagar,2023,9,1,12325.0,12325.0,12325.0,0.0,0.0,1,0.0,0.0,1,-1.0,-1.8369701987210297e-16,3,0,2,0,0,0,0,1,3.0,1.0,1.0,1.6666666666666667,-0.6666666666666667,2921995.0,1.0
Prahlad Nagar,2024,2,1,19135.0,19135.0,19135.0,0.0,0.0,1,0.0,0.0,1,0.8660254037844386,0.5000000000000001,1,0,2,0,0,0,0,1,1.0,3.0,1.0,1.6666666666666667,0.0,12325.0,1.0
Prahlad Nagar,2024,9,1,61111.0,61111.0,61111.0,0.0,0.0,1,0.0,0.0,1,-1.0,-1.8369701987210297e-16,3,0,2,0,0,0,0,1,1.0,1.0,3.0,1.6666666666666667,0.0,19135.0,2.0
Prahlad Nagar,2024,11,2,440569.5,792146.0,881139.0,0.5,0.5,2,0.0,0.5,2,-0.5000000000000004,0.8660254037844384,4,1,2,0,0,0,0,1,1.0,1.0,1.0,1.0,1.0,61111.0,3.0
Prahlad Nagar,2025,2,3,302511.6666666667,734815.0,907535.0,0.0,0.6666666666666666,3,0.0,0.3333333333333333,2,0.8660254037844386,0.5000000000000001,1,0,2,0,0,0,0,1,2.0,1.0,1.0,1.3333333333333333,0.5,881139.0,2.0
Prahlad Nagar,2025,3,2,599460.5,1191119.0,1198921.0,0.0,0.5,1,0.0,0.0,2,1.0,6.123233995736766e-17,1,1,2,0,0,0,0,1,3.0,2.0,1.0,2.0,-0.33333333333333337,907535.0,1.0
Prahlad Nagar,2025,8,1,382162.0,382162.0,382162.0,0.0,1.0,1,0.0,0.0,1,-0.8660254037844385,-0.5000000000000004,3,0,2,0,0,0,0,1,2.0,3.0,2.0,2.3333333333333335,-0.5,1198921.0,1.0
Prahlad Nagar,2025,10,1,33496.0,33496.0,33496.0,0.0,0.0,1,0.0,0.0,1,-0.8660254037844386,0.5000000000000001,4,1,2,0,0,0,0,1,1.0,2.0,3.0,2.0,0.0,382162.0,2.0
Prahlad Nagar,2025,11,2,1077809.0,1319264.0,2155618.0,0.0,1.0,1,0.5,1.0,2,-0.5000000000000004,0.8660254037844384,4,0,2,0,0,0,0,1,1.0,1.0,2.0,1.3333333333333333,1.0,33496.0,2.0
Ranip,2023,1,1,59000.0,59000.0,59000.0,0.0,0.0,1,0.0,0.0,1,0.49999999999999994,0.8660254037844387,1,1,6,0,0,1,0,0,2.230769230769231,2.24,2.2916666666666665,2.224358974358974,0.3571428571428571,935317.0384615385,4.0
Ranip,2023,2,4,417892.75,1539462.0,1671571.0,0.25,0.25,3,0.0,0.0,4,0.8660254037844386,0.5000000000000001,1,0,6,0,0,1,0,0,1.0,2.24,2.2916666666666665,1.0,3.0,59000.0,1.0
Ranip,2023,3,1,4980.0,4980.0,4980.0,0.0,0.0,1,1.0,0.0,1,1.0,6.123233995736766e-17,1,1,6,0,0,1,0,0,4.0,1.0,2.2916666666666665,2.5,-0.75,1671571.0,3.0
Ranip,2023,4,3,119845.33333333333,303773.0,359536.0,0.0,0.3333333333333333,2,0.0,0.6666666666666666,3,0.8660254037844387,-0.4999999999999998,2,0,6,0,0,1,0,0,1.0,4.0,1.0,2.0,2.0,4980.0,2.0
Ranip,2023,5,2,11435.0,22870.0,22870.0,0.0,0.0,2,0.0,0.5,2,0.49999999999999994,-0.8660254037844387,2,0,6,0,0,1,0,0,3.0,1.0,4.0,2.6666666666666665,-0.33333333333333337,359536.0,1.0
Ranip,2023,8,1,2497672.0,2497672.0,2497672.0,0.0,1.0,1,1.0,0.0,1,-0.8660254037844385,-0.5000000000000004,3,0,6,0,0,1,0,0,2.0,3.0,1.0,2.0,-0.5,22870.0,1.0
Ranip,2023,9,1,114548.0,114548.0,114548.0,0.0,1.0,1,0.0,0.0,1,-1.0,-1.8369701987210297e-16,3,0,6,0,0,1,0,0,1.0,2.0,3.0,2.0,0.0,2497672.0,1.0
Ranip,2023,10,1,86794.0,86794.0,86794.0,0.0,0.0,1,0.0,0.0,1,-0.8660254037844386,0.5000000000000001,4,1,6,0,0,1,0,0,1.0,1.0,2.0,1.3333333333333333,0.0,114548.0,1.0
Ranip,2023,11,1,18009.0,18009.0,18009.0,0.0,0.0,1,0.0,1.0,1,-0.5000000000000004,0.8660254037844384,4,1,6,0,0,1,0,0,1.0,1.0,1.0,1.0,0.0,86794.0,2.0
Ranip,2024,1,2,19442.0,25336.0,38884.0,0.0,0.0,2,0.0,0.0,2,0.49999999999999994,0.8660254037844387,1,1,6,0,0,1,0,0,1.0,1.0,1.0,1.0,1.0,18009.0,2.0
Ranip,2024,2,2,1279470.0,2445398.0,2558940.0,0.0,1.0,2,0.0,0.0,2,0.8660254037844386,0.5000000000000001,1,0,6,0,0,1,0,0,2.0,1.0,1.0,1.3333333333333333,0.0,38884.0,4.0
Ranip,2024,3,4,66015.0,167640.0,264060.0,0.25,0.25,2,0.0,0.5,4,1.0,6.123233995736766e-17,1,1,6,0,0,1,0,0,2.0,2.0,1.0,1.6666666666666667,1.0,2558940.0,2.0
Ranip,2024,4,2,31999.0,63998.0,63998.0,0.0,0.0,2,0.0,0.5,2,0.8660254037844387,-0.4999999999999998,2,0,6,0,0,1,0,0,4.0,2.0,2.0,2.6666666666666665,-0.5,264060.0,4.0
Ranip,2024,5,4,56446.25,145976.0,225785.0,0.0,0.25,3,0.0,0.0,3,0.49999999999999994,-0.8660254037844387,2,0,6,0,0,1,0,0,2.0,4.0,2.0,2.6666666666666665,1.0,63998.0,2.0
Ranip,2024,9,2,335344.0,591212.0,670688.0,0.5,0.5,2,0.0,0.5,2,-1.0,-1.8369701987210297e-16,3,0,6,0,0,1,0,0,4.0,2.0,4.0,3.3333333333333335,-0.5,225785.0,1.0
Ranip,2024,10,1,69093.0,69093.0,69093.0,0.0,0.0,1,0.0,0.0,1,-0.8660254037844386,0.5000000000000001,4,1,6,0,0,1,0,0,2.0,4.0,2.0,2.6666666666666665,-0.5,670688.0,3.0
Ranip,2024,11,3,59956.666666666664,155050.0,179870.0,0.0,0.3333333333333333,3,0.0,0.0,3,-0.5000000000000004,0.8660254037844384,4,1,6,0,0,1,0,0,1.0,2.0,4.0,2.3333333333333335,2.0,69093.0,1.0
Ranip,2024,12,1,504336.0,504336.0,504336.0,0.0,1.0,1,0.0,0.0,1,-2.4492935982947064e-16,1.0,4,1,6,0,0,1,0,0,3.0,1.0,2.0,2.0,-0.6666666666666667,179870.0,2.0
Ranip,2025,1,2,2244551.0,3767331.0,4489102.0,0.0,1.0,1,0.0,0.0,2,0.49999999999999994,0.8660254037844387,1,1,6,0,0,1,0,0,1.0,3.0,1.0,1.6666666666666667,1.0,504336.0,4.0
Ranip,2025,2,4,1095567.75,4218983.0,4382271.0,0.25,0.5,2,0.0,0.75,4,0.8660254037844386,0.5000000000000001,1,0,6,0,0,1,0,0,2.0,1.0,3.0,2.0,1.0,4489102.0,7.0
Ranip,2025,3,7,700327.7142857143,4381125.0,4902294.0,0.2857142857142857,0.42857142857142855,4,0.0,0.14285714285714285,5,1.0,6.123233995736766e-17,1,1,6,0,0,1,0,0,4.0,2.0,1.0,2.3333333333333335,0.75,4382271.0,2.0
Ranip,2025,4,2,38472.5,74331.0,76945.0,0.5,0.0,2,0.0,0.5,2,0.8660254037844387,-0.4999999999999998,2,0,6,0,0,1,0,0,7.0,4.0,2.0,4.333333333333333,-0.7142857142857143,4902294.0,2.0
Ranip,2025,5,2,60417.5,75087.0,120835.0,0.5,0.0,1,0.0,0.5,2,0.49999999999999994,-0.8660254037844387,2,0,6,0,0,1,0,0,2.0,7.0,4.0,4.333333333333333,0.0,76945.0,2.0
Ranip,2025,6,2,115014.5,159977.0,230029.0,0.5,0.5,2,0.0,0.5,2,1.2246467991473532e-16,-1.0,2,0,6,0,0,1,0,0,2.0,2.0,7.0,3.6666666666666665,0.0,120835.0,1.0
Ranip,2025,7,1,156445.0,156445.0,156445.0,0.0,1.0,1,0.0,0.0,1,-0.4999999999999997,-0.8660254037844388,3,0,6,0,0,1,0,0,2.0,2.0,2.0,2.0,-0.5,230029.0,2.0
Ranip,2025,10,2,274844.0,528899.0,549688.0,0.0,0.5,2,0.0,0.5,2,-0.8660254037844386,0.5000000000000001,4,1,6,0,0,1,0,0,1.0,2.0,2.0,1.6666666666666667,1.0,156445.0,3.0
Ranip,2025,11,3,51100.666666666664,90909.0,153302.0,0.3333333333333333,0.0,3,0.0,0.0,3,-0.5000000000000004,0.8660254037844384,4,0,6,0,0,1,0,0,2.0,1.0,2.0,1.6666666666666667,0.5,549688.0,1.0
Sarkhej,2023,1,1,648477.0,648477.0,648477.0,0.0,1.0,1,0.0,0.0,1,0.49999999999999994,0.8660254037844387,1,1,3,0,0,0,1,0,1.4375,1.4666666666666666,1.5,1.4479166666666667,0.22395833333333331,285227.625,2.0
Sarkhej,2023,3,2,1381.5,2763.0,2763.0,0.0,0.0,2,0.0,0.0,2,1.0,6.123233995736766e-17,1,1,3,0,0,0,1,0,1.0,1.4666666666666666,1.5,1.0,1.0,648477.0,1.0
Sarkhej,2023,5,1,69525.0,69525.0,69525.0,1.0,0.0,1,0.0,0.0,1,0.49999999999999994,-0.8660254037844387,2,0,3,0,0,0,1,0,2.0,1.0,1.5,1.5,-0.5,2763.0,1.0
Sarkhej,2023,8,1,48480.0,48480.0,48480.0,1.0,0.0,1,1.0,0.0,1,-0.8660254037844385,-0.5000000000000004,3,0,3,0,0,0,1,0,1.0,2.0,1.0,1.3333333333333333,0.0,69525.0,1.0
Sarkhej,2023,10,1,7515.0,7515.0,7515.0,0.0,0.0,1,0.0,1.0,1,-0.8660254037844386,0.5000000000000001,4,1,3,0,0,0,1,0,1.0,1.0,2.0,1.3333333333333333,0.0,48480.0,1.0
Sarkhej,2023,11,1,20007.0,20007.0,20007.0,1.0,0.0,1,0.0,1.0,1,-0.5000000000000004,0.8660254037844384,4,1,3,0,0,0,1,0,1.0,1.0,1.0,1.0,0.0,7515.0,1.0
Sarkhej,2024,3,1,38377.0,38377.0,38377.0,1.0,0.0,1,0.0,1.0,1,1.0,6.123233995736766e-17,1,1,3,0,0,0,1,0,1.0,1.0,1.0,1.0,0.0,20007.0,1.0
Sarkhej,2024,4,1,3465.0,3465.0,3465.0,0.0,0.0,1,0.0,0.0,1,0.8660254037844387,-0.4999999999999998,2,0,3,0,0,0,1,0,1.0,1.0,1.0,1.0,0.0,38377.0,1.0
Sarkhej,2024,7,1,17182.0,17182.0,17182.0,0.0,0.0,1,0.0,0.0,1,-0.4999999999999997,-0.8660254037844388,3,0,3,0,0,0,1,0,1.0,1.0,1.0,1.0,0.0,3465.0,1.0
Sarkhej,2024,9,1,7411.0,7411.0,7411.0,0.0,0.0,1,0.0,0.0,1,-1.0,-1.8369701987210297e-16,3,0,3,0,0,0,1,0,1.0,1.0,1.0,1.0,0.0,17182.0,4.0
Sarkhej,2025,1,4,47415.5,86330.0,189662.0,0.25,0.0,2,0.0,0.75,4,0.49999999999999994,0.8660254037844387,1,1,3,0,0,0,1,0,1.0,1.0,1.0,1.0,3.0,7411.0,1.0
Sarkhej,2025,3,1,118593.0,118593.0,118593.0,0.0,1.0,1,0.0,0.0,1,1.0,6.123233995736766e-17,1,1,3,0,0,0,1,0,4.0,1.0,1.0,2.0,-0.75,189662.0,2.0
Sarkhej,2025,5,2,556579.5,936681.0,1113159.0,0.0,1.0,2,0.0,0.0,2,0.49999999999999994,-0.8660254037844387,2,0,3,0,0,0,1,0,1.0,4.0,1.0,2.0,1.0,118593.0,3.0
Sarkhej,2025,6,3,31575.0,46608.0,94725.0,0.3333333333333333,0.0,2,0.3333333333333333,0.6666666666666666,2,1.2246467991473532e-16,-1.0,2,0,3,0,0,0,1,0,2.0,1.0,4.0,2.3333333333333335,0.5,1113159.0,1.0
Sarkhej,2025,7,1,172525.0,172525.0,172525.0,0.0,1.0,1,0.0,0.0,1,-0.4999999999999997,-0.8660254037844388,3,0,3,0,0,0,1,0,3.0,2.0,1.0,2.0,-0.6666666666666667,94725.0,1.0
Sarkhej,2025,9,1,2011776.0,2011776.0,2011776.0,0.0,1.0,1,0.0,0.0,1,-1.0,-1.8369701987210297e-16,3,1,3,0,0,0,1,0,1.0,3.0,2.0,2.0,0.0,172525.0,1.0
Sarkhej,2025,11,1,294427.0,294427.0,294427.0,0.0,1.0,1,1.0,1.0,1,-0.5000000000000004,0.8660254037844384,4,0,3,0,0,0,1,0,1.0,1.0,3.0,1.6666666666666667,0.0,2011776.0,1.0
Satellite,2023,2,1,17208.0,17208.0,17208.0,0.0,0.0,1,0.0,0.0,1,0.8660254037844386,0.5000000000000001,1,0,3,0,0,0,0,1,1.4375,1.4,1.4285714285714286,1.40625,0.29166666666666663,443738.625,2.0
Satellite,2023,3,2,28444.0,56888.0,56888.0,0.0,0.0,2,0.0,0.5,2,1.0,6.123233995736766e-17,1,1,3,0,0,0,0,1,1.0,1.4,1.4285714285714286,1.0,1.0,17208.0,1.0
Satellite,2023,4,1,1668381.0,1668381.0,1668381.0,0.0,1.0,1,0.0,0.0,1,0.8660254037844387,-0.4999999999999998,2,0,3,0,0,0,0,1,2.0,1.0,1.4285714285714286,1.5,-0.5,56888.0,1.0
Satellite,2024,3,1,130052.0,130052.0,130052.0,0.0,1.0,1,0.0,0.0,1,1.0,6.123233995736766e-17,1,1,3,0,0,0,0,1,1.0,2.0,1.0,1.3333333333333333,0.0,1668381.0,3.0
Satellite,2024,4,3,44092.333333333336,128437.0,132277.0,0.0,0.3333333333333333,3,0.0,0.3333333333333333,3,0.8660254037844387,-0.4999999999999998,2,0,3,0,0,0,0,1,1.0,1.0,2.0,1.3333333333333333,2.0,130052.0,1.0
Satellite,2024,9,1,37055.0,37055.0,37055.0,0.0,0.0,1,1.0,0.0,1,-1.0,-1.8369701987210297e-16,3,0,3,0,0,0,0,1,3.0,1.0,1.0,1.6666666666666667,-0.6666666666666667,132277.0,2.0
Satellite,2024,10,2,62219.5,123353.0,124439.0,0.0,0.5,2,0.0,1.0,2,-0.8660254037844386,0.5000000000000001,4,1,3,0,0,0,0,1,1.0,3.0,1.0,1.6666666666666667,1.0,37055.0,1.0
Satellite,2024,11,1,3747324.0,3747324.0,3747324.0,0.0,1.0,1,1.0,0.0,1,-0.5000000000000004,0.8660254037844384,4,1,3,0,0,0,0,1,2.0,1.0,3.0,2.0,-0.5,124439.0,1.0
Satellite,2024,12,1,36103.0,36103.0,36103.0,0.0,0.0,1,0.0,0.0,1,-2.4492935982947064e-16,1.0,4,1,3,0,0,0,0,1,1.0,2.0,1.0,1.3333333333333333,0.0,3747324.0,1.0
Satellite,2025,2,1,0.0,0.0,0.0,0.0,0.0,1,0.0,0.0,1,0.8660254037844386,0.5000000000000001,1,0,3,0,0,0,0,1,1.0,1.0,2.0,1.3333333333333333,0.0,36103.0,1.0
Satellite,2025,3,1,143799.0,143799.0,143799.0,0.0,1.0,1,0.0,0.0,1,1.0,6.123233995736766e-17,1,1,3,0,0,0,0,1,1.0,1.0,1.0,1.0,0.0,0.0,1.0
Satellite,2025,4,1,80785.0,80785.0,80785.0,0.0,0.0,1,1.0,1.0,1,0.8660254037844387,-0.4999999999999998,2,0,3,0,0,0,0,1,1.0,1.0,1.0,1.0,0.0,143799.0,1.0
Satellite,2025,5,1,5712.0,5712.0,5712.0,0.0,0.0,1,0.0,1.0,1,0.49999999999999994,-0.8660254037844387,2,0,3,0,0,0,0,1,1.0,1.0,1.0,1.0,0.0,80785.0,3.0
Satellite,2025,6,3,66707.33333333333,178754.0,200122.0,0.0,0.3333333333333333,3,0.0,0.6666666666666666,3,1.2246467991473532e-16,-1.0,2,0,3,0,0,0,0,1,1.0,1.0,1.0,1.0,2.0,5712.0,1.0
Satellite,2025,7,1,63917.0,63917.0,63917.0,1.0,0.0,1,0.0,0.0,1,-0.4999999999999997,-0.8660254037844388,3,0,3,0,0,0,0,1,3.0,1.0,1.0,1.6666666666666667,-0.6666666666666667,200122.0,2.0
Satellite,2025,9,2,327878.0,655756.0,655756.0,0.0,0.5,1,0.0,0.0,2,-1.0,-1.8369701987210297e-16,3,1,3,0,0,0,0,1,1.0,3.0,1.0,1.6666666666666667,1.0,63917.0,2.0
Satellite,2025,10,2,46146.0,68539.0,92292.0,0.0,0.0,2,0.0,0.0,2,-0.8660254037844386,0.5000000000000001,4,1,3,0,0,0,0,1,2.0,1.0,3.0,2.0,0.0,655756.0,3.0
Shahibaug,2023,1,3,636796.6666666666,1616086.0,1910390.0,0.0,0.6666666666666666,3,0.0,0.0,3,0.49999999999999994,0.8660254037844387,1,1,5,0,0,1,0,0,2.210526315789474,2.2777777777777777,2.1176470588235294,2.245614035087719,0.3701754385964912,566638.947368421,3.0
Shahibaug,2023,2,3,2997.3333333333335,6459.0,8992.0,0.0,0.0,2,0.0,0.6666666666666666,2,0.8660254037844386,0.5000000000000001,1,0,5,0,0,1,0,0,3.0,2.2777777777777777,2.1176470588235294,3.0,0.0,1910390.0,1.0
Shahibaug,2023,3,1,31318.0,31318.0,31318.0,0.0,0.0,1,0.0,0.0,1,1.0,6.123233995736766e-17,1,1,5,0,0,1,0,0,3.0,3.0,2.1176470588235294,3.0,-0.6666666666666667,8992.0,1.0
Shahibaug,2023,4,1,54114.0,54114.0,54114.0,0.0,0.0,1,0.0,1.0,1,0.8660254037844387,-0.4999999999999998,2,0,5,0,0,1,0,0,1.0,3.0,3.0,2.3333333333333335,0.0,31318.0,3.0
Shahibaug,2023,6,3,53740.666666666664,103196.0,161222.0,0.0,0.3333333333333333,3,0.0,0.3333333333333333,3,1.2246467991473532e-16,-1.0,2,0,5,0,0,1,0,0,1.0,1.0,3.0,1.6666666666666667,2.0,54114.0,1.0
Shahibaug,2023,8,1,74449.0,74449.0,74449.0,0.0,0.0,1,0.0,0.0,1,-0.8660254037844385,-0.5000000000000004,3,0,5,0,0,1,0,0,3.0,1.0,1.0,1.6666666666666667,-0.6666666666666667,161222.0,1.0
Shahibaug,2023,10,1,508468.0,508468.0,508468.0,0.0,1.0,1,1.0,0.0,1,-0.8660254037844386,0.5000000000000001,4,1,5,0,0,1,0,0,1.0,3.0,1.0,1.6666666666666667,0.0,74449.0,3.0
Shahibaug,2023,12,3,202642.66666666666,439671.0,607928.0,0.0,0.3333333333333333,2,0.0,0.3333333333333333,2,-2.4492935982947064e-16,1.0,4,1,5,0,0,1,0,0,1.0,1.0,3.0,1.6666666666666667,2.0,508468.0,2.0
Shahibaug,2024,1,2,30077.0,39528.0,60154.0,0.0,0.0,2,0.0,0.0,2,0.49999999999999994,0.8660254037844387,1,1,5,0,0,1,0,0,3.0,1.0,1.0,1.6666666666666667,-0.33333333333333337,607928.0,4.0
Shahibaug,2024,2,4,538506.75,1594996.0,2154027.0,0.0,0.5,4,0.0,0.0,4,0.8660254037844386,0.5000000000000001,1,0,5,0,0,1,0,0,2.0,3.0,1.0,2.0,1.0,60154.0,1.0
Shahibaug,2024,3,1,11797.0,11797.0,11797.0,0.0,0.0,1,0.0,1.0,1,1.0,6.123233995736766e-17,1,1,5,0,0,1,0,0,4.0,2.0,3.0,3.0,-0.75,2154027.0,1.0
Shahibaug,2024,4,1,101672.0,101672.0,101672.0,0.0,1.0,1,0.0,1.0,1,0.8660254037844387,-0.4999999999999998,2,0,5,0,0,1,0,0,1.0,4.0,2.0,2.3333333333333335,0.0,11797.0,3.0
Shahibaug,2024,5,3,142449.0,299242.0,427347.0,0.3333333333333333,0.3333333333333333,2,0.0,0.6666666666666666,2,0.49999999999999994,-0.8660254037844387,2,0,5,0,0,1,0,0,1.0,1.0,4.0,2.0,2.0,101672.0,4.0
Shahibaug,2024,6,4,592761.0,2070462.0,2371044.0,0.0,0.75,3,0.0,0.25,4,1.2246467991473532e-16,-1.0,2,0,5,0,0,1,0,0,3.0,1.0,1.0,1.6666666666666667,0.33333333333333326,427347.0,1.0
Shahibaug,2024,7,1,1307.0,1307.0,1307.0,0.0,0.0,1,1.0,1.0,1,-0.4999999999999997,-0.8660254037844388,3,0,5,0,0,1,0,0,4.0,3.0,1.0,2.6666666666666665,-0.75,2371044.0,1.0
Shahibaug,2024,12,1,0.0,0.0,0.0,0.0,0.0,1,0.0,1.0,1,-2.4492935982947064e-16,1.0,4,1,5,0,0,1,0,0,1.0,4.0,3.0,2.6666666666666665,0.0,1307.0,3.0
Shahibaug,2025,4,3,198755.66666666666,457282.0,596267.0,0.3333333333333333,0.3333333333333333,3,0.0,0.3333333333333333,3,0.8660254037844387,-0.4999999999999998,2,0,5,0,0,1,0,0,1.0,1.0,4.0,2.0,2.0,0.0,5.0
Shahibaug,2025,7,5,155297.0,496856.0,776485.0,0.0,0.4,5,0.0,0.0,4,-0.4999999999999997,-0.8660254037844388,3,0,5,0,0,1,0,0,3.0,1.0,1.0,1.6666666666666667,0.6666666666666667,596267.0,1.0
Shahibaug,2025,8,1,909159.0,909159.0,909159.0,0.0,1.0,1,0.0,1.0,1,-0.8660254037844385,-0.5000000000000004,3,0,5,0,0,1,0,0,5.0,3.0,1.0,3.0,-0.8,776485.0,2.0
Shahibaug,2025,11,2,175834.0,205792.0,351668.0,0.0,1.0,2,0.0,0.0,2,-0.5000000000000004,0.8660254037844384,4,0,5,0,0,1,0,0,1.0,5.0,3.0,3.0,1.0,909159.0,1.0
Thaltej,2023,2,1,8545.0,8545.0,8545.0,0.0,0.0,1,0.0,1.0,1,0.8660254037844386,0.5000000000000001,1,0,2,0,0,0,0,1,1.25,1.2727272727272727,1.2,1.2222222222222223,0.125,59941.833333333336,1.0
Thaltej,2023,8,1,37769.0,37769.0,37769.0,0.0,0.0,1,0.0,0.0,1,-0.8660254037844385,-0.5000000000000004,3,0,2,0,0,0,0,1,1.0,1.2727272727272727,1.2,1.0,0.0,8545.0,1.0
Thaltej,2023,10,1,5239.0,5239.0,5239.0,0.0,0.0,1,0.0,0.0,1,-0.8660254037844386,0.5000000000000001,4,1,2,0,0,0,0,1,1.0,1.0,1.2,1.0,0.0,37769.0,1.0
Thaltej,2023,12,1,95414.0,95414.0,95414.0,0.0,0.0,1,0.0,0.0,1,-2.4492935982947064e-16,1.0,4,1,2,0,0,0,0,1,1.0,1.0,1.0,1.0,0.0,5239.0,2.0
Thaltej,2024,6,2,76140.0,122446.0,152280.0,0.0,0.5,2,0.0,0.0,2,1.2246467991473532e-16,-1.0,2,0,2,0,0,0,0,1,1.0,1.0,1.0,1.0,1.0,95414.0,1.0
Thaltej,2024,10,1,25360.0,25360.0,25360.0,0.0,0.0,1,0.0,1.0,1,-0.8660254037844386,0.5000000000000001,4,1,2,0,0,0,0,1,2.0,1.0,1.0,1.3333333333333333,-0.5,152280.0,2.0
Thaltej,2025,1,2,3818.0,7636.0,7636.0,0.0,0.0,2,0.0,0.0,2,0.49999999999999994,0.8660254037844387,1,1,2,0,0,0,0,1,1.0,2.0,1.0,1.3333333333333333,1.0,25360.0,1.0
Thaltej,2025,4,1,0.0,0.0,0.0,0.0,0.0,1,0.0,0.0,1,0.8660254037844387,-0.4999999999999998,2,0,2,0,0,0,0,1,2.0,1.0,2.0,1.6666666666666667,-0.5,7636.0,1.0
Thaltej,2025,5,1,11556.0,11556.0,11556.0,0.0,0.0,1,0.0,0.0,1,0.49999999999999994,-0.8660254037844387,2,0,2,0,0,0,0,1,1.0,2.0,1.0,1.3333333333333333,0.0,0.0,1.0
Thaltej,2025,6,1,184163.0,184163.0,184163.0,0.0,1.0,1,0.0,0.0,1,1.2246467991473532e-16,-1.0,2,0,2,0,0,0,0,1,1.0,1.0,2.0,1.3333333333333333,0.0,11556.0,2.0
Thaltej,2025,7,2,85188.5,100009.0,170377.0,0.5,0.5,2,0.0,0.0,2,-0.4999999999999997,-0.8660254037844388,3,0,2,0,0,0,0,1,1.0,1.0,1.0,1.0,1.0,184163.0,1.0
Thaltej,2025,10,1,20963.0,20963.0,20963.0,0.0,0.0,1,0.0,0.0,1,-0.8660254037844386,0.5000000000000001,4,1,2,0,0,0,0,1,2.0,1.0,1.0,1.3333333333333333,-0.5,170377.0,1.0
Thaltej,2025,11,1,234578.0,234578.0,234578.0,0.0,1.0,1,1.0,0.0,1,-0.5000000000000004,0.8660254037844384,4,0,2,0,0,0,0,1,1.0,2.0,1.0,1.3333333333333333,0.0,20963.0,1.0
Vastral,2023,1,1,100468.0,100468.0,100468.0,0.0,1.0,1,0.0,0.0,1,0.49999999999999994,0.8660254037844387,1,1,6,0,1,0,0,0,2.347826086956522,2.3636363636363638,2.380952380952381,2.3115942028985508,0.3702898550724637,296385.47826086957,2.0
Vastral,2023,2,2,15294.5,20373.0,30589.0,0.0,0.0,2,0.0,0.0,2,0.8660254037844386,0.5000000000000001,1,0,6,0,1,0,0,0,1.0,2.3636363636363638,2.380952380952381,1.0,1.0,100468.0,2.0
Vastral,2023,3,2,5495.0,6915.0,10990.0,0.0,0.0,2,0.0,0.0,2,1.0,6.123233995736766e-17,1,1,6,0,1,0,0,0,2.0,1.0,2.380952380952381,1.5,0.0,30589.0,1.0
Vastral,2023,4,1,30117.0,30117.0,30117.0,0.0,0.0,1,0.0,0.0,1,0.8660254037844387,-0.4999999999999998,2,0,6,0,1,0,0,0,2.0,2.0,1.0,1.6666666666666667,-0.5,10990.0,1.0
Vastral,2023,6,1,0.0,0.0,0.0,0.0,0.0,1,0.0,1.0,1,1.2246467991473532e-16,-1.0,2,0,6,0,1,0,0,0,1.0,2.0,2.0,1.6666666666666667,0.0,30117.0,1.0
Vastral,2023,8,1,63792.0,63792.0,63792.0,0.0,0.0,1,0.0,0.0,1,-0.8660254037844385,-0.5000000000000004,3,0,6,0,1,0,0,0,1.0,1.0,2.0,1.3333333333333333,0.0,0.0,1.0
Vastral,2023,11,1,12744.0,12744.0,12744.0,0.0,0.0,1,0.0,1.0,1,-0.5000000000000004,0.8660254037844384,4,1,6,0,1,0,0,0,1.0,1.0,1.0,1.0,0.0,63792.0,4.0
Vastral,2024,1,4,47326.5,106429.0,189306.0,0.0,0.25,4,0.25,0.25,4,0.49999999999999994,0.8660254037844387,1,1,6,0,1,0,0,0,1.0,1.0,1.0,1.0,3.0,12744.0,4.0
Vastral,2024,3,4,45317.5,155445.0,181270.0,0.0,0.25,3,0.0,0.0,4,1.0,6.123233995736766e-17,1,1,6,0,1,0,0,0,4.0,1.0,1.0,2.0,0.0,189306.0,5.0
Vastral,2024,4,5,112874.4,253484.0,564372.0,0.2,0.4,5,0.2,0.0,4,0.8660254037844387,-0.4999999999999998,2,0,6,0,1,0,0,0,4.0,4.0,1.0,3.0,0.25,181270.0,3.0
Vastral,2024,5,3,1071750.3333333333,3136420.0,3215251.0,0.0,0.3333333333333333,2,0.0,0.3333333333333333,3,0.49999999999999994,-0.8660254037844387,2,0,6,0,1,0,0,0,5.0,4.0,4.0,4.333333333333333,-0.4,564372.0,1.0
Vastral,2024,6,1,78792.0,78792.0,78792.0,0.0,0.0,1,0.0,0.0,1,1.2246467991473532e-16,-1.0,2,0,6,0,1,0,0,0,3.0,5.0,4.0,4.0,-0.6666666666666667,3215251.0,3.0
Vastral,2024,7,3,43396.333333333336,80444.0,130189.0,0.0,0.0,3,0.0,0.3333333333333333,3,-0.4999999999999997,-0.8660254037844388,3,0,6,0,1,0,0,0,1.0,3.0,5.0,3.0,2.0,78792.0,1.0
Vastral,2024,8,1,0.0,0.0,0.0,0.0,0.0,1,0.0,0.0,1,-0.8660254037844385,-0.5000000000000004,3,0,6,0,1,0,0,0,3.0,1.0,3.0,2.3333333333333335,-0.6666666666666667,130189.0,2.0
Vastral,2024,10,2,327553.5,564642.0,655107.0,0.0,0.5,2,0.5,0.5,2,-0.8660254037844386,0.5000000000000001,4,1,6,0,1,0,0,0,1.0,3.0,1.0,1.6666666666666667,1.0,0.0,1.0
Vastral,2024,11,1,0.0,0.0,0.0,0.0,0.0,1,0.0,1.0,1,-0.5000000000000004,0.8660254037844384,4,1,6,0,1,0,0,0,2.0,1.0,3.0,2.0,-0.5,655107.0,1.0
Vastral,2025,1,1,111805.0,111805.0,111805.0,0.0,1.0,1,0.0,0.0,1,0.49999999999999994,0.8660254037844387,1,1,6,0,1,0,0,0,1.0,2.0,1.0,1.3333333333333333,0.0,0.0,2.0
Vastral,2025,4,2,38020.5,63073.0,76041.0,0.5,0.0,2,0.0,0.0,2,0.8660254037844387,-0.4999999999999998,2,0,6,0,1,0,0,0,1.0,1.0,2.0,1.3333333333333333,1.0,111805.0,9.0
Vastral,2025,5,9,87601.0,473038.0,788409.0,0.2222222222222222,0.3333333333333333,5,0.0,0.1111111111111111,6,0.49999999999999994,-0.8660254037844387,2,0,6,0,1,0,0,0,2.0,1.0,1.0,1.3333333333333333,3.5,76041.0,3.0
Vastral,2025,6,3,90233.33333333333,154502.0,270700.0,0.3333333333333333,0.3333333333333333,3,0.3333333333333333,0.3333333333333333,3,1.2246467991473532e-16,-1.0,2,0,6,0,1,0,0,0,9.0,2.0,1.0,4.0,-0.6666666666666667,788409.0,2.0
Vastral,2025,7,2,2923.5,5847.0,5847.0,0.0,0.0,2,0.0,0.5,2,-0.4999999999999997,-0.8660254037844388,3,0,6,0,1,0,0,0,3.0,9.0,2.0,4.666666666666667,-0.33333333333333337,270700.0,2.0
Vastral,2025,8,2,111702.0,157910.0,223404.0,0.5,0.5,2,0.0,0.0,2,-0.8660254037844385,-0.5000000000000004,3,0,6,0,1,0,0,0,2.0,3.0,9.0,4.666666666666667,0.0,5847.0,2.0
Vastral,2025,9,2,38836.5,57752.0,77673.0,0.5,0.0,2,0.0,0.0,2,-1.0,-1.8369701987210297e-16,3,1,6,0,1,0,0,0,2.0,2.0,3.0,2.3333333333333335,0.0,223404.0,3.0
Vastral,2025,10,3,738345.6666666666,1792374.0,2215037.0,0.0,1.0,2,0.0,0.3333333333333333,3,-0.8660254037844386,0.5000000000000001,4,1,6,0,1,0,0,0,2.0,2.0,2.0,2.0,0.5,77673.0,2.0
Vastrapur,2023,2,2,23586.5,41203.0,47173.0,0.0,0.0,2,0.0,0.0,2,0.8660254037844386,0.5000000000000001,1,0,3,0,0,0,0,1,1.4210526315789473,1.4444444444444444,1.4705882352941178,1.4649122807017545,0.19298245614035087,206751.36842105264,1.0
Vastrapur,2023,3,1,113374.0,113374.0,113374.0,0.0,1.0,1,0.0,0.0,1,1.0,6.123233995736766e-17,1,1,3,0,0,0,0,1,2.0,1.4444444444444444,1.4705882352941178,2.0,-0.5,47173.0,1.0
Vastrapur,2023,4,1,22167.0,22167.0,22167.0,0.0,0.0,1,0.0,0.0,1,0.8660254037844387,-0.4999999999999998,2,0,3,0,0,0,0,1,1.0,2.0,1.4705882352941178,1.5,0.0,113374.0,1.0
Vastrapur,2023,6,1,107157.0,107157.0,107157.0,0.0,1.0,1,0.0,0.0,1,1.2246467991473532e-16,-1.0,2,0,3,0,0,0,0,1,1.0,1.0,2.0,1.3333333333333333,0.0,22167.0,1.0
Vastrapur,2023,8,1,0.0,0.0,0.0,0.0,0.0,1,0.0,0.0,1,-0.8660254037844385,-0.5000000000000004,3,0,3,0,0,0,0,1,1.0,1.0,1.0,1.0,0.0,107157.0,2.0
Vastrapur,2023,10,2,32983.5,57146.0,65967.0,0.5,0.0,2,0.0,0.5,2,-0.8660254037844386,0.5000000000000001,4,1,3,0,0,0,0,1,1.0,1.0,1.0,1.0,1.0,0.0,1.0
Vastrapur,2023,11,1,45720.0,45720.0,45720.0,0.0,0.0,1,0.0,1.0,1,-0.5000000000000004,0.8660254037844384,4,1,3,0,0,0,0,1,2.0,1.0,1.0,1.3333333333333333,-0.5,65967.0,1.0
Vastrapur,2023,12,1,59257.0,59257.0,59257.0,0.0,0.0,1,0.0,0.0,1,-2.4492935982947064e-16,1.0,4,1,3,0,0,0,0,1,1.0,2.0,1.0,1.3333333333333333,0.0,45720.0,3.0
Vastrapur,2024,1,3,19427.666666666668,42774.0,58283.0,0.6666666666666666,0.0,3,0.0,0.3333333333333333,2,0.49999999999999994,0.8660254037844387,1,1,3,0,0,0,0,1,1.0,1.0,2.0,1.3333333333333333,2.0,59257.0,1.0
Vastrapur,2024,2,1,737570.0,737570.0,737570.0,0.0,1.0,1,1.0,1.0,1,0.8660254037844386,0.5000000000000001,1,0,3,0,0,0,0,1,3.0,1.0,1.0,1.6666666666666667,-0.6666666666666667,58283.0,1.0
Vastrapur,2024,3,1,155960.0,155960.0,155960.0,0.0,1.0,1,0.0,0.0,1,1.0,6.123233995736766e-17,1,1,3,0,0,0,0,1,1.0,3.0,1.0,1.6666666666666667,0.0,737570.0,1.0
Vastrapur,2024,6,1,16067.0,16067.0,16067.0,1.0,0.0,1,0.0,0.0,1,1.2246467991473532e-16,-1.0,2,0,3,0,0,0,0,1,1.0,1.0,3.0,1.6666666666666667,0.0,155960.0,1.0
Vastrapur,2024,8,1,25550.0,25550.0,25550.0,0.0,0.0,1,0.0,0.0,1,-0.8660254037844385,-0.5000000000000004,3,0,3,0,0,0,0,1,1.0,1.0,1.0,1.0,0.0,16067.0,3.0
Vastrapur,2024,11,3,12541.666666666666,37625.0,37625.0,0.3333333333333333,0.0,2,0.0,0.0,2,-0.5000000000000004,0.8660254037844384,4,1,3,0,0,0,0,1,1.0,1.0,1.0,1.0,2.0,25550.0,3.0
Vastrapur,2025,3,3,30415.666666666668,65186.0,91247.0,0.3333333333333333,0.0,3,0.0,0.3333333333333333,3,1.0,6.123233995736766e-17,1,1,3,0,0,0,0,1,3.0,1.0,1.0,1.6666666666666667,0.0,37625.0,1.0
Vastrapur,2025,4,1,44331.0,44331.0,44331.0,0.0,0.0,1,0.0,0.0,1,0.8660254037844387,-0.4999999999999998,2,0,3,0,0,0,0,1,3.0,3.0,1.0,2.3333333333333335,-0.6666666666666667,91247.0,1.0
Vastrapur,2025,7,1,1173511.0,1173511.0,1173511.0,0.0,1.0,1,0.0,1.0,1,-0.4999999999999997,-0.8660254037844388,3,0,3,0,0,0,0,1,1.0,3.0,3.0,2.3333333333333335,0.0,44331.0,1.0
Vastrapur,2025,8,1,603300.0,603300.0,603300.0,0.0,1.0,1,0.0,0.0,1,-0.8660254037844385,-0.5000000000000004,3,0,3,0,0,0,0,1,1.0,1.0,3.0,1.6666666666666667,0.0,1173511.0,1.0
Vastrapur,2025,9,1,524017.0,524017.0,524017.0,0.0,1.0,1,0.0,1.0,1,-1.0,-1.8369701987210297e-16,3,1,3,0,0,0,0,1,1.0,1.0,1.0,1.0,0.0,603300.0,2.0
Vastrapur,2025,10,2,111090.5,161924.0,222181.0,0.0,0.5,2,0.0,0.0,2,-0.8660254037844386,0.5000000000000001,4,1,3,0,0,0,0,1,1.0,1.0,1.0,1.0,1.0,524017.0,1.0
Vatva,2023,1,2,19680.0,26254.0,39360.0,0.0,0.0,2,0.0,0.5,2,0.49999999999999994,0.8660254037844387,1,1,5,0,0,0,1,0,1.9090909090909092,1.9523809523809523,1.95,1.9318181818181819,0.23939393939393935,503217.2727272727,1.0
Vatva,2023,4,1,2763300.0,2763300.0,2763300.0,0.0,1.0,1,0.0,0.0,1,0.8660254037844387,-0.4999999999999998,2,0,5,0,0,0,1,0,2.0,1.9523809523809523,1.95,2.0,-0.5,39360.0,1.0
Vatva,2023,5,1,397848.0,397848.0,397848.0,0.0,1.0,1,0.0,0.0,1,0.49999999999999994,-0.8660254037844387,2,0,5,0,0,0,1,0,1.0,2.0,1.95,1.5,0.0,2763300.0,1.0
Vatva,2023,7,1,0.0,0.0,0.0,0.0,0.0,1,0.0,0.0,1,-0.4999999999999997,-0.8660254037844388,3,0,5,0,0,0,1,0,1.0,1.0,2.0,1.3333333333333333,0.0,397848.0,1.0
Vatva,2023,10,1,4526.0,4526.0,4526.0,0.0,0.0,1,1.0,0.0,1,-0.8660254037844386,0.5000000000000001,4,1,5,0,0,0,1,0,1.0,1.0,1.0,1.0,0.0,0.0,2.0
Vatva,2023,12,2,28498.5,42660.0,56997.0,0.5,0.0,1,0.5,0.5,2,-2.4492935982947064e-16,1.0,4,1,5,0,0,0,1,0,1.0,1.0,1.0,1.0,1.0,4526.0,1.0
Vatva,2024,1,1,5068.0,5068.0,5068.0,0.0,0.0,1,0.0,0.0,1,0.49999999999999994,0.8660254037844387,1,1,5,0,0,0,1,0,2.0,1.0,1.0,1.3333333333333333,-0.5,56997.0,2.0
Vatva,2024,4,2,1594370.5,3173164.0,3188741.0,0.0,0.5,2,0.0,0.0,2,0.8660254037844387,-0.4999999999999998,2,0,5,0,0,0,1,0,1.0,2.0,1.0,1.3333333333333333,1.0,5068.0,1.0
Vatva,2024,5,1,33682.0,33682.0,33682.0,0.0,0.0,1,0.0,0.0,1,0.49999999999999994,-0.8660254037844387,2,0,5,0,0,0,1,0,2.0,1.0,2.0,1.6666666666666667,-0.5,3188741.0,3.0
Vatva,2024,6,3,55837.666666666664,89721.0,167513.0,0.0,0.0,3,0.0,0.3333333333333333,3,1.2246467991473532e-16,-1.0,2,0,5,0,0,0,1,0,1.0,2.0,1.0,1.3333333333333333,2.0,33682.0,2.0
Vatva,2024,8,2,31115.5,53353.0,62231.0,0.5,0.0,2,0.0,0.5,2,-0.8660254037844385,-0.5000000000000004,3,0,5,0,0,0,1,0,3.0,1.0,2.0,2.0,-0.33333333333333337,167513.0,3.0
Vatva,2024,9,3,48418.333333333336,128844.0,145255.0,0.3333333333333333,0.3333333333333333,3,0.0,0.3333333333333333,3,-1.0,-1.8369701987210297e-16,3,0,5,0,0,0,1,0,2.0,3.0,1.0,2.0,0.5,62231.0,3.0
Vatva,2024,10,3,22872.666666666668,32073.0,68618.0,0.3333333333333333,0.0,3,0.0,0.0,3,-0.8660254037844386,0.5000000000000001,4,1,5,0,0,0,1,0,3.0,2.0,3.0,2.6666666666666665,0.0,145255.0,1.0
Vatva,2024,11,1,64404.0,64404.0,64404.0,0.0,0.0,1,0.0,0.0,1,-0.5000000000000004,0.8660254037844384,4,1,5,0,0,0,1,0,3.0,3.0,2.0,2.6666666666666665,-0.6666666666666667,68618.0,1.0
Vatva,2024,12,1,0.0,0.0,0.0,0.0,0.0,1,0.0,0.0,1,-2.4492935982947064e-16,1.0,4,1,5,0,0,0,1,0,1.0,3.0,3.0,2.3333333333333335,0.0,64404.0,2.0
Vatva,2025,1,2,37208.0,44550.0,74416.0,0.0,0.0,2,0.5,1.0,2,0.49999999999999994,0.8660254037844387,1,1,5,0,0,0,1,0,1.0,1.0,3.0,1.6666666666666667,1.0,0.0,2.0
Vatva,2025,2,2,128659.5,224672.0,257319.0,0.0,0.5,2,0.0,0.0,2,0.8660254037844386,0.5000000000000001,1,0,5,0,0,0,1,0,2.0,1.0,1.0,1.3333333333333333,0.0,74416.0,5.0
Vatva,2025,3,5,594072.4,2470995.0,2970362.0,0.0,0.6,3,0.0,0.8,5,1.0,6.123233995736766e-17,1,1,5,0,0,0,1,0,2.0,2.0,1.0,1.6666666666666667,1.5,257319.0,3.0
Vatva,2025,4,3,18817.666666666668,56453.0,56453.0,0.0,0.0,3,0.0,0.0,2,0.8660254037844387,-0.4999999999999998,2,0,5,0,0,0,1,0,5.0,2.0,2.0,3.0,-0.4,2970362.0,2.0
Vatva,2025,5,2,275148.5,535424.0,550297.0,0.0,0.5,2,0.0,0.0,2,0.49999999999999994,-0.8660254037844387,2,0,5,0,0,0,1,0,3.0,5.0,2.0,3.3333333333333335,-0.33333333333333337,56453.0,2.0
Vatva,2025,6,2,43620.0,45617.0,87240.0,0.5,0.0,1,0.0,0.0,2,1.2246467991473532e-16,-1.0,2,0,5,0,0,0,1,0,2.0,3.0,5.0,3.3333333333333335,0.0,550297.0,1.0
Vatva,2025,9,1,77150.0,77150.0,77150.0,0.0,0.0,1,0.0,1.0,1,-1.0,-1.8369701987210297e-16,3,1,5,0,0,0,1,0,2.0,2.0,3.0,2.3333333333333335,-0.5,87240.0,3.0
Vatva,2025,11,3,973716.3333333334,2866718.0,2921149.0,0.0,0.3333333333333333,2,0.0,0.3333333333333333,3,-0.5000000000000004,0.8660254037844384,4,0,5,0,0,0,1,0,1.0,2.0,2.0,1.6666666666666667,2.0,77150.0,1.0
Vejalpur,2023,2,1,35866.0,35866.0,35866.0,0.0,0.0,1,0.0,0.0,1,0.8660254037844386,0.5000000000000001,1,0,3,0,0,0,1,0,1.263157894736842,1.2777777777777777,1.2941176470588236,1.2631578947368418,0.2631578947368421,445941.5263157895,1.0
Vejalpur,2023,3,1,0.0,0.0,0.0,0.0,0.0,1,0.0,1.0,1,1.0,6.123233995736766e-17,1,1,3,0,0,0,1,0,1.0,1.2777777777777777,1.2941176470588236,1.0,0.0,35866.0,2.0
Vejalpur,2023,5,2,37437.0,67920.0,74874.0,0.0,0.0,1,0.0,0.0,2,0.49999999999999994,-0.8660254037844387,2,0,3,0,0,0,1,0,1.0,1.0,1.2941176470588236,1.0,1.0,0.0,1.0
Vejalpur,2023,9,1,2801969.0,2801969.0,2801969.0,0.0,1.0,1,0.0,1.0,1,-1.0,-1.8369701987210297e-16,3,0,3,0,0,0,1,0,2.0,1.0,1.0,1.3333333333333333,-0.5,74874.0,1.0
Vejalpur,2023,10,1,47859.0,47859.0,47859.0,0.0,0.0,1,1.0,1.0,1,-0.8660254037844386,0.5000000000000001,4,1,3,0,0,0,1,0,1.0,2.0,1.0,1.3333333333333333,0.0,2801969.0,1.0
Vejalpur,2024,4,1,215287.0,215287.0,215287.0,0.0,1.0,1,1.0,0.0,1,0.8660254037844387,-0.4999999999999998,2,0,3,0,0,0,1,0,1.0,1.0,2.0,1.3333333333333333,0.0,47859.0,2.0
Vejalpur,2024,5,2,27866.0,32736.0,55732.0,0.5,0.0,2,0.0,0.0,2,0.49999999999999994,-0.8660254037844387,2,0,3,0,0,0,1,0,1.0,1.0,1.0,1.0,1.0,215287.0,2.0
Vejalpur,2024,6,2,61503.5,90409.0,123007.0,0.5,0.0,2,0.0,0.5,2,1.2246467991473532e-16,-1.0,2,0,3,0,0,0,1,0,2.0,1.0,1.0,1.3333333333333333,0.0,55732.0,1.0
Vejalpur,2024,7,1,249431.0,249431.0,249431.0,0.0,1.0,1,1.0,1.0,1,-0.4999999999999997,-0.8660254037844388,3,0,3,0,0,0,1,0,2.0,2.0,1.0,1.6666666666666667,-0.5,123007.0,1.0
Vejalpur,2024,9,1,2122.0,2122.0,2122.0,0.0,0.0,1,0.0,0.0,1,-1.0,-1.8369701987210297e-16,3,0,3,0,0,0,1,0,1.0,2.0,2.0,1.6666666666666667,0.0,249431.0,1.0
Vejalpur,2024,10,1,60664.0,60664.0,60664.0,0.0,0.0,1,0.0,1.0,1,-0.8660254037844386,0.5000000000000001,4,1,3,0,0,0,1,0,1.0,1.0,2.0,1.3333333333333333,0.0,2122.0,1.0
Vejalpur,2024,11,1,111013.0,111013.0,111013.0,0.0,1.0,1,0.0,1.0,1,-0.5000000000000004,0.8660254037844384,4,1,3,0,0,0,1,0,1.0,1.0,1.0,1.0,0.0,60664.0,2.0
Vejalpur,2025,1,2,980827.5,1957449.0,1961655.0,0.0,0.5,2,0.5,0.0,2,0.49999999999999994,0.8660254037844387,1,1,3,0,0,0,1,0,1.0,1.0,1.0,1.0,1.0,111013.0,1.0
Vejalpur,2025,3,1,55627.0,55627.0,55627.0,1.0,0.0,1,0.0,0.0,1,1.0,6.123233995736766e-17,1,1,3,0,0,0,1,0,2.0,1.0,1.0,1.3333333333333333,-0.5,1961655.0,1.0
Vejalpur,2025,4,1,89531.0,89531.0,89531.0,1.0,0.0,1,0.0,0.0,1,0.8660254037844387,-0.4999999999999998,2,0,3,0,0,0,1,0,1.0,2.0,1.0,1.3333333333333333,0.0,55627.0,2.0
Vejalpur,2025,5,2,74380.0,104724.0,148760.0,0.5,0.5,2,0.0,0.0,2,0.49999999999999994,-0.8660254037844387,2,0,3,0,0,0,1,0,1.0,1.0,2.0,1.3333333333333333,1.0,89531.0,1.0
Vejalpur,2025,8,1,2332504.0,2332504.0,2332504.0,0.0,1.0,1,0.0,1.0,1,-0.8660254037844385,-0.5000000000000004,3,0,3,0,0,0,1,0,2.0,1.0,1.0,1.3333333333333333,-0.5,148760.0,1.0
Vejalpur,2025,9,1,38660.0,38660.0,38660.0,0.0,0.0,1,0.0,0.0,1,-1.0,-1.8369701987210297e-16,3,1,3,0,0,0,1,0,1.0,2.0,1.0,1.3333333333333333,0.0,2332504.0,1.0
Vejalpur,2025,10,1,68328.0,68328.0,68328.0,0.0,0.0,1,0.0,0.0,1,-0.8660254037844386,0.5000000000000001,4,1,3,0,0,0,1,0,1.0,1.0,2.0,1.3333333333333333,0.0,38660.0,4.0
Vejalpur,2025,11,4,57872.0,138905.0,231488.0,0.0,0.25,3,0.25,0.25,4,-0.5000000000000004,0.8660254037844384,4,0,3,0,0,0,1,0,1.0,1.0,1.0,1.0,3.0,68328.0,3.0
